Strike ID,Date,Loc,Adm_2,Adm_1,Minimum total people killed,Maximum total people killed,Minimum civilians reported killed,Maximum civilians reported killed,Minimum children reported killed,Maximum children reported killed,Minimum reported injured,Maximum reported injured,matched_sort_Adm_1,matched_sort_Adm_1_ufi,matched_sort_Adm_1_adm1,matched_sort_Adm_1_matched_sort_Adm_1,matched_sort_Adm_1_full_name,matched_sort_Adm_1_full_nm_nd,matched_sort_Adm_1_desig_cd,matched_sort_Adm_1_lat_dd,matched_sort_Adm_1_long_dd,matched_sort_Adm_2,matched_sort_Adm_2_ufi,matched_sort_Adm_2_adm1,matched_sort_Adm_2_matched_sort_Adm_2,matched_sort_Adm_2_full_name,matched_sort_Adm_2_full_nm_nd,matched_sort_Adm_2_desig_cd,matched_sort_Adm_2_lat_dd,matched_sort_Adm_2_long_dd,matched_sort_Loc,matched_sort_Loc_ufi,matched_sort_Loc_adm1,matched_sort_Loc_matched_sort_Loc,matched_sort_Loc_full_name,matched_sort_Loc_full_nm_nd,matched_sort_Loc_desig_cd,matched_sort_Loc_lat_dd,matched_sort_Loc_long_dd
YEM001,03/11/2002,Unknown,unclear,Marib,6,6,0,0,0,0,0,0,MARIB,-3189596.0,YE-MA,MARIB,Ma’rib,Ma'rib,ADM1,15.416667,45.35,,,,,,,,,,,,,,,,,,
YEM002,17/12/2009,Al Majala,unclear,Abyan,55,58,44,44,21,22,9,9,ABYAN,-3182060.0,YE-AB,ABYAN,Abyan,Abyan,ADM1,13.786202,46.141766,,,,,,,,,,ALMAJALAH,-3183515.0,YE-AB,ALMAJALAH,Al Ma‘jalah,Al Ma`jalah,PPL,13.97526,46.458454
YEM003,17/12/2009,unclear,Arhab,Sana,0,0,0,0,0,0,0,0,SANA,-3191447.0,YE-SN,SANA,Şan‘ā’,San`a',ADM1,15.260691,44.424895,ARHAB,10618730.0,YE-SN,ARHAB,Arḩab,Arhab,ADM2,15.790939,44.246602,,,,,,,,,
YEM004,24/12/2009,Rafd,unclear,Shabwah,30,34,0,0,0,0,0,0,SHABWAH,-3191647.0,YE-SH,SHABWAH,Shabwah,Shabwah,ADM1,15.0,47.0,,,,,,,,,,unclear,,,,,,,,
YEM005,12/01/2010,unclear,unclear,Shabwah,1,2,0,0,0,0,0,0,SHABWAH,-3191647.0,YE-SH,SHABWAH,Shabwah,Shabwah,ADM1,15.0,47.0,,,,,,,,,,,,,,,,,,
YEM006,15/01/2010,Al Ajashir,unclear,Sada,0,6,0,0,0,0,0,0,SADAH,-3191246.0,YE-SD,SADAH,Şa‘dah,Sa`dah,ADM1,17.063405,43.914884,,,,,,,,,,ALAJASHIR,-3091208.0,YE-SD,ALAJASHIR,Al Ajāshir,Al Ajashir,HLLS,17.183333,44.8
YEM007,20/01/2010,Erq al Shawan,unclear,Marib,2,2,0,0,0,0,0,0,MARIB,-3189596.0,YE-MA,MARIB,Ma’rib,Ma'rib,ADM1,15.416667,45.35,,,,,,,,,,IRQALSHABWAN,10642648.0,YE-MA,IRQALSHABWAN,‘Irq Āl Shabwān,`Irq Al Shabwan,PPL,15.514789,45.370144
YEM008,31/01/2010,unclear,unclear,unclear,0,0,0,0,0,0,0,0,,,,,,,,,,,,,,,,,,,,,,,,,,,
YEM009,14/03/2010,Jeezat al Qotn,MUDIYAH,Abyan,2,3,0,0,0,0,0,0,ABYAN,-3182060.0,YE-AB,ABYAN,Abyan,Abyan,ADM1,13.786202,46.141766,MUDIYAH,10618524.0,YE-AB,MUDIYAH,Mūdīyah,Mudiyah,ADM2,13.885422,46.219647,unclear,,,,,,,,
YEM010,15/03/2010,unclear,MUDIYAH,Abyan,7,20,0,20,0,0,0,0,ABYAN,-3182060.0,YE-AB,ABYAN,Abyan,Abyan,ADM1,13.786202,46.141766,MUDIYAH,10618524.0,YE-AB,MUDIYAH,Mūdīyah,Mudiyah,ADM2,13.885422,46.219647,,,,,,,,,
YEM011,24/05/2010,Unknown,unclear,Marib,3,4,3,4,0,0,2,3,MARIB,-3189596.0,YE-MA,MARIB,Ma’rib,Ma'rib,ADM1,15.416667,45.35,,,,,,,,,,,,,,,,,,
YEM012,05/05/2011,unclear,unclear,Shabwah,2,2,0,0,0,0,0,0,SHABWAH,-3191647.0,YE-SH,SHABWAH,Shabwah,Shabwah,ADM1,15.0,47.0,,,,,,,,,,,,,,,,,,
YEM013,03/06/2011,unclear,Zinjibar,Abyan,7,7,4,4,0,0,0,0,ABYAN,-3182060.0,YE-AB,ABYAN,Abyan,Abyan,ADM1,13.786202,46.141766,ZINJIBAR,10618573.0,YE-AB,ZINJIBAR,Zinjibār,Zinjibar,ADM2,13.140857,45.430399,,,,,,,,,
YEM014,10/06/2011,unclear,Zinjibar,Abyan,1,1,0,0,0,0,0,0,ABYAN,-3182060.0,YE-AB,ABYAN,Abyan,Abyan,ADM1,13.786202,46.141766,ZINJIBAR,10618573.0,YE-AB,ZINJIBAR,Zinjibār,Zinjibar,ADM2,13.140857,45.430399,,,,,,,,,
YEM015,10/06/2011,Raia,unclear,Abyan,2,3,2,3,1,1,0,1,ABYAN,-3182060.0,YE-AB,ABYAN,Abyan,Abyan,ADM1,13.786202,46.141766,,,,,,,,,,unclear,,,,,,,,
YEM016,18/06/2011,Jaar,Khanfir,Abyan,0,0,0,0,0,0,6,6,ABYAN,-3182060.0,YE-AB,ABYAN,Abyan,Abyan,ADM1,13.786202,46.141766,KHANFIR,10618532.0,YE-AB,KHANFIR,Khanfir,Khanfir,ADM2,13.447814,45.733642,JAAR,-3188174.0,YE-AB,JAAR,Ja‘ār,Ja`ar,PPLA2,13.223003,45.305585
YEM017,14/07/2011,unclear,unclear,Abyan,6,50,30,30,0,0,0,0,ABYAN,-3182060.0,YE-AB,ABYAN,Abyan,Abyan,ADM1,13.786202,46.141766,,,,,,,,,,,,,,,,,,
YEM018,14/07/2011,unclear,unclear,Abyan,0,0,0,0,0,0,0,0,ABYAN,-3182060.0,YE-AB,ABYAN,Abyan,Abyan,ADM1,13.786202,46.141766,,,,,,,,,,,,,,,,,,
YEM019,27/07/2011,Karadeef,Zinjibar,Abyan,5,5,0,0,0,0,0,0,ABYAN,-3182060.0,YE-AB,ABYAN,Abyan,Abyan,ADM1,13.786202,46.141766,ZINJIBAR,10618573.0,YE-AB,ZINJIBAR,Zinjibār,Zinjibar,ADM2,13.140857,45.430399,unclear,,,,,,,,
YEM020,01/08/2011,Al Khamila,unclear,Abyan,13,16,0,0,0,0,12,17,ABYAN,-3182060.0,YE-AB,ABYAN,Abyan,Abyan,ADM1,13.786202,46.141766,,,,,,,,,,ALKHAMILA,-3183325.0,YE-AB,ALKHAMILA,Al Khamila,Al Khamila,PPL,13.124444,45.313889
YEM021,24/08/2011,unclear,Zinjibar,Abyan,30,30,0,0,0,0,40,40,ABYAN,-3182060.0,YE-AB,ABYAN,Abyan,Abyan,ADM1,13.786202,46.141766,ZINJIBAR,10618573.0,YE-AB,ZINJIBAR,Zinjibār,Zinjibar,ADM2,13.140857,45.430399,,,,,,,,,
YEM022,24/08/2011,Arkoub,unclear,Abyan,6,6,0,0,0,0,0,0,ABYAN,-3182060.0,YE-AB,ABYAN,Abyan,Abyan,ADM1,13.786202,46.141766,,,,,,,,,,unclear,,,,,,,,
YEM023,25/08/2011,Wadi Hassan,unclear,Abyan,8,8,0,0,0,0,3,3,ABYAN,-3182060.0,YE-AB,ABYAN,Abyan,Abyan,ADM1,13.786202,46.141766,,,,,,,,,,WADIHASSAN,-3187494.0,YE-AB,WADIHASSAN,Wādī Ḩassān,Wadi Hassan,WAD,13.136621,45.454545
YEM024,31/08/2011,unclear,unclear,Abyan,30,30,0,0,0,0,0,0,ABYAN,-3182060.0,YE-AB,ABYAN,Abyan,Abyan,ADM1,13.786202,46.141766,,,,,,,,,,,,,,,,,,
YEM025,05/09/2011,Jaar,Khanfir,Abyan,3,7,3,7,0,0,4,4,ABYAN,-3182060.0,YE-AB,ABYAN,Abyan,Abyan,ADM1,13.786202,46.141766,KHANFIR,10618532.0,YE-AB,KHANFIR,Khanfir,Khanfir,ADM2,13.447814,45.733642,JAAR,-3188174.0,YE-AB,JAAR,Ja‘ār,Ja`ar,PPLA2,13.223003,45.305585
YEM026,05/09/2011,Jaar,Khanfir,Abyan,9,11,1,1,1,1,2,2,ABYAN,-3182060.0,YE-AB,ABYAN,Abyan,Abyan,ADM1,13.786202,46.141766,KHANFIR,10618532.0,YE-AB,KHANFIR,Khanfir,Khanfir,ADM2,13.447814,45.733642,JAAR,-3188174.0,YE-AB,JAAR,Ja‘ār,Ja`ar,PPLA2,13.223003,45.305585
YEM027,07/09/2011,unclear,Al Mahfid,Abyan,3,10,0,0,0,0,2,24,ABYAN,-3182060.0,YE-AB,ABYAN,Abyan,Abyan,ADM1,13.786202,46.141766,ALMAHFID,10618515.0,YE-AB,ALMAHFID,Al Maḩfid,Al Mahfid,ADM2,14.01847,46.755958,,,,,,,,,
YEM028,21/09/2011,unclear,Al Mahfid,Abyan,4,4,0,0,0,0,0,0,ABYAN,-3182060.0,YE-AB,ABYAN,Abyan,Abyan,ADM1,13.786202,46.141766,ALMAHFID,10618515.0,YE-AB,ALMAHFID,Al Maḩfid,Al Mahfid,ADM2,14.01847,46.755958,,,,,,,,,
YEM029,21/09/2011,Shaqra,unclear,Abyan,6,7,0,0,0,0,3,3,ABYAN,-3182060.0,YE-AB,ABYAN,Abyan,Abyan,ADM1,13.786202,46.141766,,,,,,,,,,SHAQRA,-3191747.0,YE-AB,SHAQRA,Shaqrā’,Shaqra',PPL,13.35677,45.697085
YEM030,30/09/2011,unclear,unclear,Jawf,4,4,0,0,0,0,0,0,ALJAWF,-3188323.0,YE-JA,ALJAWF,Al Jawf,Al Jawf,ADM1,16.689733,45.611556,,,,,,,,,,,,,,,,,,
YEM031,05/10/2011,Al Arqoub,unclear,Abyan,5,5,0,0,0,0,7,7,ABYAN,-3182060.0,YE-AB,ABYAN,Abyan,Abyan,ADM1,13.786202,46.141766,,,,,,,,,,unclear,,,,,,,,
YEM032,14/10/2011,Azzan,unclear,Shabwah,0,0,0,0,0,0,0,0,SHABWAH,-3191647.0,YE-SH,SHABWAH,Shabwah,Shabwah,ADM1,15.0,47.0,,,,,,,,,,AZZAN,-3184987.0,YE-SH,AZZAN,‘Azzān,`Azzan,PPL,14.327047,47.448578
YEM033,14/10/2011,Azzan,unclear,Shabwah,7,9,2,2,2,2,0,0,SHABWAH,-3191647.0,YE-SH,SHABWAH,Shabwah,Shabwah,ADM1,15.0,47.0,,,,,,,,,,AZZAN,-3184987.0,YE-SH,AZZAN,‘Azzān,`Azzan,PPL,14.327047,47.448578
YEM034,14/10/2011,unclear,unclear,unclear,15,17,0,0,0,0,0,0,,,,,,,,,,,,,,,,,,,,,,,,,,,
YEM035,14/10/2011,Azzan,unclear,Shabwah,2,2,1,2,1,1,0,0,SHABWAH,-3191647.0,YE-SH,SHABWAH,Shabwah,Shabwah,ADM1,15.0,47.0,,,,,,,,,,AZZAN,-3184987.0,YE-SH,AZZAN,‘Azzān,`Azzan,PPL,14.327047,47.448578
YEM036,22/12/2011,unclear,Zinjibar,Abyan,1,1,0,0,0,0,0,0,ABYAN,-3182060.0,YE-AB,ABYAN,Abyan,Abyan,ADM1,13.786202,46.141766,ZINJIBAR,10618573.0,YE-AB,ZINJIBAR,Zinjibār,Zinjibar,ADM2,13.140857,45.430399,,,,,,,,,
YEM037,31/01/2012,unclear,LAWDAR,Abyan,10,14,0,0,0,0,0,0,ABYAN,-3182060.0,YE-AB,ABYAN,Abyan,Abyan,ADM1,13.786202,46.141766,LAWDAR,10618528.0,YE-AB,LAWDAR,Lawdar,Lawdar,ADM2,13.709611,45.800769,,,,,,,,,
YEM038,31/01/2012,unclear,unclear,Abyan,0,0,0,0,0,0,0,0,ABYAN,-3182060.0,YE-AB,ABYAN,Abyan,Abyan,ADM1,13.786202,46.141766,,,,,,,,,,,,,,,,,,
YEM039,09/03/2012,unclear,unclear,ALBAYDA,23,34,2,2,0,0,0,55,ALBAYDA,-3182650.0,YE-BA,ALBAYDA,Al Bayḑā’,Al Bayda',ADM1,14.34166,45.394422,,,,,,,,,,,,,,,,,,
YEM040,10/03/2012,unclear,unclear,Abyan,24,24,0,0,0,0,0,0,ABYAN,-3182060.0,YE-AB,ABYAN,Abyan,Abyan,ADM1,13.786202,46.141766,,,,,,,,,,,,,,,,,,
YEM041,11/03/2012,unclear,unclear,Abyan,3,6,0,0,0,0,0,0,ABYAN,-3182060.0,YE-AB,ABYAN,Abyan,Abyan,ADM1,13.786202,46.141766,,,,,,,,,,,,,,,,,,
YEM042,13/03/2012,unclear,unclear,ALBAYDA,4,5,0,0,0,0,0,0,ALBAYDA,-3182650.0,YE-BA,ALBAYDA,Al Bayḑā’,Al Bayda',ADM1,14.34166,45.394422,,,,,,,,,,,,,,,,,,
YEM043,18/03/2012,unclear,Zinjibar,Abyan,14,18,0,0,0,0,0,0,ABYAN,-3182060.0,YE-AB,ABYAN,Abyan,Abyan,ADM1,13.786202,46.141766,ZINJIBAR,10618573.0,YE-AB,ZINJIBAR,Zinjibār,Zinjibar,ADM2,13.140857,45.430399,,,,,,,,,
YEM044,18/03/2012,Jaar,Khanfir,Abyan,8,8,0,0,0,0,0,0,ABYAN,-3182060.0,YE-AB,ABYAN,Abyan,Abyan,ADM1,13.786202,46.141766,KHANFIR,10618532.0,YE-AB,KHANFIR,Khanfir,Khanfir,ADM2,13.447814,45.733642,JAAR,-3188174.0,YE-AB,JAAR,Ja‘ār,Ja`ar,PPLA2,13.223003,45.305585
YEM045,22/03/2012,unclear,Zinjibar,Abyan,29,30,0,0,0,0,24,24,ABYAN,-3182060.0,YE-AB,ABYAN,Abyan,Abyan,ADM1,13.786202,46.141766,ZINJIBAR,10618573.0,YE-AB,ZINJIBAR,Zinjibār,Zinjibar,ADM2,13.140857,45.430399,,,,,,,,,
YEM046,30/03/2012,Azzan,unclear,Shabwah,5,5,1,1,0,0,6,9,SHABWAH,-3191647.0,YE-SH,SHABWAH,Shabwah,Shabwah,ADM1,15.0,47.0,,,,,,,,,,AZZAN,-3184987.0,YE-SH,AZZAN,‘Azzān,`Azzan,PPL,14.327047,47.448578
YEM047,07/04/2012,unclear,unclear,Shabwah,0,8,0,0,0,0,0,0,SHABWAH,-3191647.0,YE-SH,SHABWAH,Shabwah,Shabwah,ADM1,15.0,47.0,,,,,,,,,,,,,,,,,,
YEM048,08/04/2012,unclear,unclear,Abyan,16,16,0,0,0,0,0,0,ABYAN,-3182060.0,YE-AB,ABYAN,Abyan,Abyan,ADM1,13.786202,46.141766,,,,,,,,,,,,,,,,,,
YEM049,11/04/2012,unclear,LAWDAR,Abyan,10,14,0,0,0,0,10,10,ABYAN,-3182060.0,YE-AB,ABYAN,Abyan,Abyan,ADM1,13.786202,46.141766,LAWDAR,10618528.0,YE-AB,LAWDAR,Lawdar,Lawdar,ADM2,13.709611,45.800769,,,,,,,,,
YEM050,14/04/2012,unclear,AZZAHIR,ALBAYDA,3,7,0,0,0,0,0,0,ALBAYDA,-3182650.0,YE-BA,ALBAYDA,Al Bayḑā’,Al Bayda',ADM1,14.34166,45.394422,AZZAHIR,10618559.0,YE-BA,AZZAHIR,Az Zāhir,Az Zahir,ADM2,13.962396,45.421823,,,,,,,,,
YEM051,16/04/2012,Azzan,unclear,Shabwah,5,7,0,0,0,0,0,0,SHABWAH,-3191647.0,YE-SH,SHABWAH,Shabwah,Shabwah,ADM1,15.0,47.0,,,,,,,,,,AZZAN,-3184987.0,YE-SH,AZZAN,‘Azzān,`Azzan,PPL,14.327047,47.448578
YEM052,18/04/2012,unclear,unclear,Abyan,6,10,0,0,0,0,0,0,ABYAN,-3182060.0,YE-AB,ABYAN,Abyan,Abyan,ADM1,13.786202,46.141766,,,,,,,,,,,,,,,,,,
YEM053,21/04/2012,unclear,LAWDAR,Abyan,12,17,0,0,0,0,0,5,ABYAN,-3182060.0,YE-AB,ABYAN,Abyan,Abyan,ADM1,13.786202,46.141766,LAWDAR,10618528.0,YE-AB,LAWDAR,Lawdar,Lawdar,ADM2,13.709611,45.800769,,,,,,,,,
YEM054,22/04/2012,Sanda,unclear,Marib,4,4,0,0,0,0,0,0,MARIB,-3189596.0,YE-MA,MARIB,Ma’rib,Ma'rib,ADM1,15.416667,45.35,,,,,,,,,,SA,12338383.0,YE-MA,SA,Şā‘,Sa`,FRM,15.674932,44.751258
YEM055,23/04/2012,unclear,Nisab,Shabwah,3,3,0,0,0,0,2,2,SHABWAH,-3191647.0,YE-SH,SHABWAH,Shabwah,Shabwah,ADM1,15.0,47.0,NISAB,10618512.0,YE-SH,NISAB,Nişāb,Nisab,ADM2,14.478977,46.44767,,,,,,,,,
YEM056,23/04/2012,unclear,LAWDAR,Abyan,0,4,0,0,0,0,0,0,ABYAN,-3182060.0,YE-AB,ABYAN,Abyan,Abyan,ADM1,13.786202,46.141766,LAWDAR,10618528.0,YE-AB,LAWDAR,Lawdar,Lawdar,ADM2,13.709611,45.800769,,,,,,,,,
YEM057,26/04/2012,unclear,MUDIYAH,Abyan,3,3,0,0,0,0,0,0,ABYAN,-3182060.0,YE-AB,ABYAN,Abyan,Abyan,ADM1,13.786202,46.141766,MUDIYAH,10618524.0,YE-AB,MUDIYAH,Mūdīyah,Mudiyah,ADM2,13.885422,46.219647,,,,,,,,,
YEM058,29/04/2012,unclear,unclear,Jawf,3,3,0,0,0,0,0,0,ALJAWF,-3188323.0,YE-JA,ALJAWF,Al Jawf,Al Jawf,ADM1,16.689733,45.611556,,,,,,,,,,,,,,,,,,
YEM059,30/04/2012,unclear,LAWDAR,Abyan,4,4,0,0,0,0,0,0,ABYAN,-3182060.0,YE-AB,ABYAN,Abyan,Abyan,ADM1,13.786202,46.141766,LAWDAR,10618528.0,YE-AB,LAWDAR,Lawdar,Lawdar,ADM2,13.709611,45.800769,,,,,,,,,
YEM060,30/04/2012,Jaar,Khanfir,Abyan,3,3,0,0,0,0,0,0,ABYAN,-3182060.0,YE-AB,ABYAN,Abyan,Abyan,ADM1,13.786202,46.141766,KHANFIR,10618532.0,YE-AB,KHANFIR,Khanfir,Khanfir,ADM2,13.447814,45.733642,JAAR,-3188174.0,YE-AB,JAAR,Ja‘ār,Ja`ar,PPLA2,13.223003,45.305585
YEM061,02/05/2012,unclear,Zinjibar,Abyan,10,15,0,0,0,0,0,0,ABYAN,-3182060.0,YE-AB,ABYAN,Abyan,Abyan,ADM1,13.786202,46.141766,ZINJIBAR,10618573.0,YE-AB,ZINJIBAR,Zinjibār,Zinjibar,ADM2,13.140857,45.430399,,,,,,,,,
YEM062,06/05/2012,Wadi Rafad,unclear,Shabwah,2,4,1,1,0,0,0,0,SHABWAH,-3191647.0,YE-SH,SHABWAH,Shabwah,Shabwah,ADM1,15.0,47.0,,,,,,,,,,WADIRAFAD,-3190892.0,YE-SH,WADIRAFAD,Wādī Rafad,Wadi Rafad,WAD,14.093611,48.138333
YEM063,10/05/2012,Jaar,Khanfir,Abyan,5,12,0,0,0,0,0,0,ABYAN,-3182060.0,YE-AB,ABYAN,Abyan,Abyan,ADM1,13.786202,46.141766,KHANFIR,10618532.0,YE-AB,KHANFIR,Khanfir,Khanfir,ADM2,13.447814,45.733642,JAAR,-3188174.0,YE-AB,JAAR,Ja‘ār,Ja`ar,PPLA2,13.223003,45.305585
YEM064,10/05/2012,Shaqra,unclear,Abyan,2,4,0,0,0,0,0,0,ABYAN,-3182060.0,YE-AB,ABYAN,Abyan,Abyan,ADM1,13.786202,46.141766,,,,,,,,,,SHAQRA,-3191747.0,YE-AB,SHAQRA,Shaqrā’,Shaqra',PPL,13.35677,45.697085
YEM065,12/05/2012,Al Hosoon,unclear,Marib,6,7,0,0,0,0,0,0,MARIB,-3189596.0,YE-MA,MARIB,Ma’rib,Ma'rib,ADM1,15.416667,45.35,,,,,,,,,,unclear,,,,,,,,
YEM066,12/05/2012,unclear,unclear,unclear,10,10,0,0,0,0,0,0,,,,,,,,,,,,,,,,,,,,,,,,,,,
YEM067,12/05/2012,unclear,unclear,unclear,6,10,0,0,0,0,0,0,,,,,,,,,,,,,,,,,,,,,,,,,,,
YEM068,14/05/2012,Shaqra,unclear,Abyan,10,10,0,0,0,0,0,0,ABYAN,-3182060.0,YE-AB,ABYAN,Abyan,Abyan,ADM1,13.786202,46.141766,,,,,,,,,,SHAQRA,-3191747.0,YE-AB,SHAQRA,Shaqrā’,Shaqra',PPL,13.35677,45.697085
YEM069,14/05/2012,unclear,LAWDAR,Abyan,6,6,0,0,0,0,0,0,ABYAN,-3182060.0,YE-AB,ABYAN,Abyan,Abyan,ADM1,13.786202,46.141766,LAWDAR,10618528.0,YE-AB,LAWDAR,Lawdar,Lawdar,ADM2,13.709611,45.800769,,,,,,,,,
YEM070,14/05/2012,Jaar,Khanfir,Abyan,0,0,0,0,0,0,2,2,ABYAN,-3182060.0,YE-AB,ABYAN,Abyan,Abyan,ADM1,13.786202,46.141766,KHANFIR,10618532.0,YE-AB,KHANFIR,Khanfir,Khanfir,ADM2,13.447814,45.733642,JAAR,-3188174.0,YE-AB,JAAR,Ja‘ār,Ja`ar,PPLA2,13.223003,45.305585
YEM071,15/05/2012,Jaar,Khanfir,Abyan,14,42,14,26,0,0,20,21,ABYAN,-3182060.0,YE-AB,ABYAN,Abyan,Abyan,ADM1,13.786202,46.141766,KHANFIR,10618532.0,YE-AB,KHANFIR,Khanfir,Khanfir,ADM2,13.447814,45.733642,JAAR,-3188174.0,YE-AB,JAAR,Ja‘ār,Ja`ar,PPLA2,13.223003,45.305585
YEM072,16/05/2012,unclear,MUDIYAH,Abyan,16,16,0,0,0,0,5,14,ABYAN,-3182060.0,YE-AB,ABYAN,Abyan,Abyan,ADM1,13.786202,46.141766,MUDIYAH,10618524.0,YE-AB,MUDIYAH,Mūdīyah,Mudiyah,ADM2,13.885422,46.219647,,,,,,,,,
YEM073,17/05/2012,Shibam,unclear,Hadramawt,2,3,0,0,0,0,0,2,HADRAMAWT,-3187120.0,YE-HD,HADRAMAWT,Ḩaḑramawt,Hadramawt,ADM1,16.0,49.0,,,,,,,,,,SHIBAM,-3191908.0,YE-HD,SHIBAM,Shibām,Shibam,PPL,15.926944,48.626667
YEM074,17/05/2012,Shaqra,unclear,Abyan,5,6,0,2,0,0,0,0,ABYAN,-3182060.0,YE-AB,ABYAN,Abyan,Abyan,ADM1,13.786202,46.141766,,,,,,,,,,SHAQRA,-3191747.0,YE-AB,SHAQRA,Shaqrā’,Shaqra',PPL,13.35677,45.697085
YEM075,19/05/2012,Jaar,Khanfir,Abyan,3,5,0,0,0,0,0,0,ABYAN,-3182060.0,YE-AB,ABYAN,Abyan,Abyan,ADM1,13.786202,46.141766,KHANFIR,10618532.0,YE-AB,KHANFIR,Khanfir,Khanfir,ADM2,13.447814,45.733642,JAAR,-3188174.0,YE-AB,JAAR,Ja‘ār,Ja`ar,PPLA2,13.223003,45.305585
YEM076,19/05/2012,unclear,unclear,ALBAYDA,2,2,0,0,0,0,0,0,ALBAYDA,-3182650.0,YE-BA,ALBAYDA,Al Bayḑā’,Al Bayda',ADM1,14.34166,45.394422,,,,,,,,,,,,,,,,,,
YEM077,20/05/2012,Jaar,Khanfir,Abyan,0,9,0,0,0,0,0,0,ABYAN,-3182060.0,YE-AB,ABYAN,Abyan,Abyan,ADM1,13.786202,46.141766,KHANFIR,10618532.0,YE-AB,KHANFIR,Khanfir,Khanfir,ADM2,13.447814,45.733642,JAAR,-3188174.0,YE-AB,JAAR,Ja‘ār,Ja`ar,PPLA2,13.223003,45.305585
YEM078,28/05/2012,Manaseh,unclear,ALBAYDA,3,5,0,2,0,0,4,4,ALBAYDA,-3182650.0,YE-BA,ALBAYDA,Al Bayḑā’,Al Bayda',ADM1,14.34166,45.394422,,,,,,,,,,unclear,,,,,,,,
YEM079,28/05/2012,Mukalla,unclear,Abyan,5,5,0,0,0,0,0,0,ABYAN,-3182060.0,YE-AB,ABYAN,Abyan,Abyan,ADM1,13.786202,46.141766,,,,,,,,,,unclear,,,,,,,,
YEM080,01/06/2012,unclear,Al Mahfid,Abyan,11,12,0,0,0,0,0,0,ABYAN,-3182060.0,YE-AB,ABYAN,Abyan,Abyan,ADM1,13.786202,46.141766,ALMAHFID,10618515.0,YE-AB,ALMAHFID,Al Maḩfid,Al Mahfid,ADM2,14.01847,46.755958,,,,,,,,,
YEM081,07/06/2012,unclear,MUDIYAH,Abyan,2,2,0,0,0,0,7,7,ABYAN,-3182060.0,YE-AB,ABYAN,Abyan,Abyan,ADM1,13.786202,46.141766,MUDIYAH,10618524.0,YE-AB,MUDIYAH,Mūdīyah,Mudiyah,ADM2,13.885422,46.219647,,,,,,,,,
YEM082,07/06/2012,Jaar,Khanfir,Abyan,3,3,0,0,0,0,0,0,ABYAN,-3182060.0,YE-AB,ABYAN,Abyan,Abyan,ADM1,13.786202,46.141766,KHANFIR,10618532.0,YE-AB,KHANFIR,Khanfir,Khanfir,ADM2,13.447814,45.733642,JAAR,-3188174.0,YE-AB,JAAR,Ja‘ār,Ja`ar,PPLA2,13.223003,45.305585
YEM083,07/06/2012,Jaar,Khanfir,Abyan,5,5,0,0,0,0,3,3,ABYAN,-3182060.0,YE-AB,ABYAN,Abyan,Abyan,ADM1,13.786202,46.141766,KHANFIR,10618532.0,YE-AB,KHANFIR,Khanfir,Khanfir,ADM2,13.447814,45.733642,JAAR,-3188174.0,YE-AB,JAAR,Ja‘ār,Ja`ar,PPLA2,13.223003,45.305585
YEM084,11/06/2012,Azzan,unclear,Shabwah,16,16,0,0,0,0,0,0,SHABWAH,-3191647.0,YE-SH,SHABWAH,Shabwah,Shabwah,ADM1,15.0,47.0,,,,,,,,,,AZZAN,-3184987.0,YE-SH,AZZAN,‘Azzān,`Azzan,PPL,14.327047,47.448578
YEM085,13/06/2012,Jaar,Khanfir,Abyan,10,18,0,0,0,0,1,1,ABYAN,-3182060.0,YE-AB,ABYAN,Abyan,Abyan,ADM1,13.786202,46.141766,KHANFIR,10618532.0,YE-AB,KHANFIR,Khanfir,Khanfir,ADM2,13.447814,45.733642,JAAR,-3188174.0,YE-AB,JAAR,Ja‘ār,Ja`ar,PPLA2,13.223003,45.305585
YEM086,13/06/2012,Azzan,unclear,Shabwah,9,9,0,0,0,0,0,0,SHABWAH,-3191647.0,YE-SH,SHABWAH,Shabwah,Shabwah,ADM1,15.0,47.0,,,,,,,,,,AZZAN,-3184987.0,YE-SH,AZZAN,‘Azzān,`Azzan,PPL,14.327047,47.448578
YEM087,15/06/2012,Azzan,unclear,Shabwah,5,5,0,0,0,0,2,2,SHABWAH,-3191647.0,YE-SH,SHABWAH,Shabwah,Shabwah,ADM1,15.0,47.0,,,,,,,,,,AZZAN,-3184987.0,YE-SH,AZZAN,‘Azzān,`Azzan,PPL,14.327047,47.448578
YEM088,15/06/2012,Shaqra,unclear,Abyan,5,7,5,7,4,6,4,5,ABYAN,-3182060.0,YE-AB,ABYAN,Abyan,Abyan,ADM1,13.786202,46.141766,,,,,,,,,,SHAQRA,-3191747.0,YE-AB,SHAQRA,Shaqrā’,Shaqra',PPL,13.35677,45.697085
YEM089,19/06/2012,unclear,unclear,Shabwah,3,3,0,0,0,0,0,0,SHABWAH,-3191647.0,YE-SH,SHABWAH,Shabwah,Shabwah,ADM1,15.0,47.0,,,,,,,,,,,,,,,,,,
YEM090,20/06/2012,unclear,Al Mahfid,Abyan,1,1,1,1,0,0,0,0,ABYAN,-3182060.0,YE-AB,ABYAN,Abyan,Abyan,ADM1,13.786202,46.141766,ALMAHFID,10618515.0,YE-AB,ALMAHFID,Al Maḩfid,Al Mahfid,ADM2,14.01847,46.755958,,,,,,,,,
YEM091,20/06/2012,Al Yafea,unclear,ALBAYDA,5,30,0,0,0,0,6,6,ALBAYDA,-3182650.0,YE-BA,ALBAYDA,Al Bayḑā’,Al Bayda',ADM1,14.34166,45.394422,,,,,,,,,,unclear,,,,,,,,
YEM092,25/06/2012,unclear,Al Mahfid,Abyan,3,3,0,0,0,0,0,0,ABYAN,-3182060.0,YE-AB,ABYAN,Abyan,Abyan,ADM1,13.786202,46.141766,ALMAHFID,10618515.0,YE-AB,ALMAHFID,Al Maḩfid,Al Mahfid,ADM2,14.01847,46.755958,,,,,,,,,
YEM093,03/07/2012,unclear,Bayhan,Shabwah,2,5,0,0,0,0,2,2,SHABWAH,-3191647.0,YE-SH,SHABWAH,Shabwah,Shabwah,ADM1,15.0,47.0,BAYHAN,10618533.0,YE-SH,BAYHAN,Bayḩān,Bayhan,ADM2,14.752961,45.748229,,,,,,,,,
YEM094,04/07/2012,unclear,Al Mahfid,Abyan,3,13,0,0,0,0,7,7,ABYAN,-3182060.0,YE-AB,ABYAN,Abyan,Abyan,ADM1,13.786202,46.141766,ALMAHFID,10618515.0,YE-AB,ALMAHFID,Al Maḩfid,Al Mahfid,ADM2,14.01847,46.755958,,,,,,,,,
YEM095,23/07/2012,unclear,Al Mahfid,Abyan,5,5,0,0,0,0,0,0,ABYAN,-3182060.0,YE-AB,ABYAN,Abyan,Abyan,ADM1,13.786202,46.141766,ALMAHFID,10618515.0,YE-AB,ALMAHFID,Al Maḩfid,Al Mahfid,ADM2,14.01847,46.755958,,,,,,,,,
YEM096,04/08/2012,unclear,Al Qatn,Hadramawt,3,5,0,0,0,0,2,2,HADRAMAWT,-3187120.0,YE-HD,HADRAMAWT,Ḩaḑramawt,Hadramawt,ADM1,16.0,49.0,ALQATAN,10618443.0,YE-HD,ALQATAN,Al Qaţan,Al Qatan,ADM2,16.016604,48.214611,,,,,,,,,
YEM097,06/08/2012,unclear,Rada,ALBAYDA,7,7,0,0,0,0,0,0,ALBAYDA,-3182650.0,YE-BA,ALBAYDA,Al Bayḑā’,Al Bayda',ADM1,14.34166,45.394422,RADA,-3191086.0,YE-BA,RADA,Radā‘,Rada`,ADM2,14.339995,44.908741,,,,,,,,,
YEM098,07/08/2012,unclear,Al Qatn,Hadramawt,2,3,0,0,0,0,2,2,HADRAMAWT,-3187120.0,YE-HD,HADRAMAWT,Ḩaḑramawt,Hadramawt,ADM1,16.0,49.0,ALQATAN,10618443.0,YE-HD,ALQATAN,Al Qaţan,Al Qatan,ADM2,16.016604,48.214611,,,,,,,,,
YEM099,28/08/2012,Qahb al-Hisan,unclear,Hadramawt,2,3,0,0,0,0,0,0,HADRAMAWT,-3187120.0,YE-HD,HADRAMAWT,Ḩaḑramawt,Hadramawt,ADM1,16.0,49.0,,,,,,,,,,unclear,,,,,,,,
YEM100,29/08/2012,unclear,Al Qatn,Hadramawt,5,5,2,2,0,0,0,0,HADRAMAWT,-3187120.0,YE-HD,HADRAMAWT,Ḩaḑramawt,Hadramawt,ADM1,16.0,49.0,ALQATAN,10618443.0,YE-HD,ALQATAN,Al Qaţan,Al Qatan,ADM2,16.016604,48.214611,,,,,,,,,
YEM101,31/08/2012,Hawda,unclear,Hadramawt,8,8,0,0,0,0,0,0,HADRAMAWT,-3187120.0,YE-HD,HADRAMAWT,Ḩaḑramawt,Hadramawt,ADM1,16.0,49.0,,,,,,,,,,HADA,-3187069.0,YE-HD,HADA,Ḩaḑā,Hada,PPL,15.416667,48.1
YEM102,02/09/2012,unclear,Rada,ALBAYDA,12,12,12,12,3,3,4,11,ALBAYDA,-3182650.0,YE-BA,ALBAYDA,Al Bayḑā’,Al Bayda',ADM1,14.34166,45.394422,RADA,-3191086.0,YE-BA,RADA,Radā‘,Rada`,ADM2,14.339995,44.908741,,,,,,,,,
YEM103,05/09/2012,unclear,unclear,unclear,4,6,1,4,0,0,3,3,,,,,,,,,,,,,,,,,,,,,,,,,,,
YEM104,10/09/2012,unclear,unclear,unclear,6,15,0,0,0,0,3,3,,,,,,,,,,,,,,,,,,,,,,,,,,,
YEM105,20/09/2012,unclear,Al Mahfid,Abyan,2,4,0,0,0,0,3,3,ABYAN,-3182060.0,YE-AB,ABYAN,Abyan,Abyan,ADM1,13.786202,46.141766,ALMAHFID,10618515.0,YE-AB,ALMAHFID,Al Maḩfid,Al Mahfid,ADM2,14.01847,46.755958,,,,,,,,,
YEM106,04/10/2012,unclear,As Said,Shabwah,3,6,0,0,0,0,2,4,SHABWAH,-3191647.0,YE-SH,SHABWAH,Shabwah,Shabwah,ADM1,15.0,47.0,ASSAID,10618520.0,YE-SH,ASSAID,Aş Şa‘īd,As Sa`id,ADM2,14.280411,46.86933,,,,,,,,,
YEM107,18/10/2012,Khanfir,Khanfir,Abyan,7,9,0,0,0,0,0,0,ABYAN,-3182060.0,YE-AB,ABYAN,Abyan,Abyan,ADM1,13.786202,46.141766,KHANFIR,10618532.0,YE-AB,KHANFIR,Khanfir,Khanfir,ADM2,13.447814,45.733642,KHANFAR,-3188701.0,YE-AB,KHANFAR,Khanfar,Khanfar,PPL,13.211944,45.305556
YEM108,21/10/2012,unclear,Marib,Marib,4,4,0,0,0,0,0,0,MARIB,-3189596.0,YE-MA,MARIB,Ma’rib,Ma'rib,ADM1,15.416667,45.35,MARIB,-3189597.0,YE-MA,MARIB,Ma’rib,Ma'rib,ADM2,15.723778,46.011143,,,,,,,,,
YEM109,28/10/2012,Wadi al Abu Jabara,unclear,Sada,4,4,0,0,0,0,1,1,SADAH,-3191246.0,YE-SD,SADAH,Şa‘dah,Sa`dah,ADM1,17.063405,43.914884,,,,,,,,,,WADIALABUJUBARAH,10646835.0,YE-SD,WADIALABUJUBARAH,Wādī Āl Abū Jubārah,Wadi Al Abu Jubarah,WAD,17.167168,44.251545
YEM110,07/11/2012,Beit al Ahan,unclear,Sana,2,2,0,0,0,0,2,3,SANA,-3191447.0,YE-SN,SANA,Şan‘ā’,San`a',ADM1,15.260691,44.424895,,,,,,,,,,unclear,,,,,,,,
YEM111,24/12/2012,Manaseh,unclear,ALBAYDA,2,3,0,0,0,0,3,3,ALBAYDA,-3182650.0,YE-BA,ALBAYDA,Al Bayḑā’,Al Bayda',ADM1,14.34166,45.394422,,,,,,,,,,unclear,,,,,,,,
YEM112,24/12/2012,Shehr,unclear,Hadramawt,3,7,0,0,0,0,1,1,HADRAMAWT,-3187120.0,YE-HD,HADRAMAWT,Ḩaḑramawt,Hadramawt,ADM1,16.0,49.0,,,,,,,,,,SHIHR,-3789620.0,YE-HD,SHIHR,Shiḩr,Shihr,PPLA2,14.760258,49.60537
YEM113,28/12/2012,Shehr,unclear,Hadramawt,2,3,0,0,0,0,0,1,HADRAMAWT,-3187120.0,YE-HD,HADRAMAWT,Ḩaḑramawt,Hadramawt,ADM1,16.0,49.0,,,,,,,,,,SHIHR,-3789620.0,YE-HD,SHIHR,Shiḩr,Shihr,PPLA2,14.760258,49.60537
YEM114,29/12/2012,Manaseh,unclear,ALBAYDA,3,4,0,0,0,0,0,2,ALBAYDA,-3182650.0,YE-BA,ALBAYDA,Al Bayḑā’,Al Bayda',ADM1,14.34166,45.394422,,,,,,,,,,unclear,,,,,,,,
YEM115,01/01/2013,unclear,unclear,Shabwah,1,1,0,0,0,0,0,0,SHABWAH,-3191647.0,YE-SH,SHABWAH,Shabwah,Shabwah,ADM1,15.0,47.0,,,,,,,,,,,,,,,,,,
YEM116,04/01/2013,unclear,Rada,ALBAYDA,3,3,0,0,0,0,0,0,ALBAYDA,-3182650.0,YE-BA,ALBAYDA,Al Bayḑā’,Al Bayda',ADM1,14.34166,45.394422,RADA,-3191086.0,YE-BA,RADA,Radā‘,Rada`,ADM2,14.339995,44.908741,,,,,,,,,
YEM117,19/01/2013,Wadi Abida,unclear,Marib,0,0,0,0,0,0,0,0,MARIB,-3189596.0,YE-MA,MARIB,Ma’rib,Ma'rib,ADM1,15.416667,45.35,,,,,,,,,,WADIABIDAH,10815506.0,YE-MA,WADIABIDAH,Wādī Abīdah,Wadi Abidah,WAD,15.458435,45.386388
YEM118,19/01/2013,Wadi Abida,unclear,Marib,2,4,0,3,0,0,0,0,MARIB,-3189596.0,YE-MA,MARIB,Ma’rib,Ma'rib,ADM1,15.416667,45.35,,,,,,,,,,WADIABIDAH,10815506.0,YE-MA,WADIABIDAH,Wādī Abīdah,Wadi Abidah,WAD,15.458435,45.386388
YEM119,19/01/2013,Wadi Abida,unclear,Marib,4,6,0,4,0,0,0,0,MARIB,-3189596.0,YE-MA,MARIB,Ma’rib,Ma'rib,ADM1,15.416667,45.35,,,,,,,,,,WADIABIDAH,10815506.0,YE-MA,WADIABIDAH,Wādī Abīdah,Wadi Abidah,WAD,15.458435,45.386388
YEM120,20/01/2013,Al Kanais,unclear,Marib,3,3,0,0,0,0,0,0,MARIB,-3189596.0,YE-MA,MARIB,Ma’rib,Ma'rib,ADM1,15.416667,45.35,,,,,,,,,,unclear,,,,,,,,
YEM121,21/01/2013,Nakhla,unclear,Marib,2,4,0,0,0,0,2,2,MARIB,-3189596.0,YE-MA,MARIB,Ma’rib,Ma'rib,ADM1,15.416667,45.35,,,,,,,,,,NAKHLA,12347097.0,YE-MA,NAKHLA,Nakhlā‘,Nakhla`,PPLL,15.616035,45.198694
YEM122,22/01/2013,Al Boka,unclear,Jawf,3,5,0,0,0,0,0,0,ALJAWF,-3188323.0,YE-JA,ALJAWF,Al Jawf,Al Jawf,ADM1,16.689733,45.611556,,,,,,,,,,unclear,,,,,,,,
YEM123,23/01/2013,unclear,Khawlan,Sana,4,4,2,2,0,0,0,0,SANA,-3191447.0,YE-SN,SANA,Şan‘ā’,San`a',ADM1,15.260691,44.424895,KHAWLAN,-3188759.0,YE-SN,KHAWLAN,Khawlān,Khawlan,ADM2,15.270134,44.702496,,,,,,,,,
YEM124,23/01/2013,Qayfa,unclear,ALBAYDA,3,5,0,0,0,0,0,0,ALBAYDA,-3182650.0,YE-BA,ALBAYDA,Al Bayḑā’,Al Bayda',ADM1,14.34166,45.394422,,,,,,,,,,JABALQAYFAH,-3190704.0,YE-BA,JABALQAYFAH,Jabal Qayfah,Jabal Qayfah,MT,14.5,45.2
YEM125,17/04/2013,Wassab al Ali,unclear,Damar,4,4,0,4,0,0,0,0,DHAMAR,-3186338.0,YE-DH,DHAMAR,Dhamār,Dhamar,ADM1,14.682965,44.272937,,,,,,,,,,WASABALALI,-3192947.0,YE-DH,WASABALALI,Waşāb al ‘Ālī,Wasab al `Ali,TRB,14.4,43.666667
YEM126,21/04/2013,Wadi Abida,unclear,Marib,2,2,0,0,0,0,2,3,MARIB,-3189596.0,YE-MA,MARIB,Ma’rib,Ma'rib,ADM1,15.416667,45.35,,,,,,,,,,WADIABIDAH,10815506.0,YE-MA,WADIABIDAH,Wādī Abīdah,Wadi Abidah,WAD,15.458435,45.386388
YEM127,18/05/2013,unclear,Al Mahfid,Abyan,4,9,0,0,0,0,0,0,ABYAN,-3182060.0,YE-AB,ABYAN,Abyan,Abyan,ADM1,13.786202,46.141766,ALMAHFID,10618515.0,YE-AB,ALMAHFID,Al Maḩfid,Al Mahfid,ADM2,14.01847,46.755958,,,,,,,,,
YEM128,20/05/2013,unclear,Rada,ALBAYDA,2,2,0,0,0,0,0,0,ALBAYDA,-3182650.0,YE-BA,ALBAYDA,Al Bayḑā’,Al Bayda',ADM1,14.34166,45.394422,RADA,-3191086.0,YE-BA,RADA,Radā‘,Rada`,ADM2,14.339995,44.908741,,,,,,,,,
YEM129,01/06/2013,unclear,Al Mahfid,Abyan,7,8,0,0,0,0,2,3,ABYAN,-3182060.0,YE-AB,ABYAN,Abyan,Abyan,ADM1,13.786202,46.141766,ALMAHFID,10618515.0,YE-AB,ALMAHFID,Al Maḩfid,Al Mahfid,ADM2,14.01847,46.755958,,,,,,,,,
YEM130,09/06/2013,Al Makashma,Khabb wa ash Sha`f,Jawf,2,7,1,1,1,1,0,0,ALJAWF,-3188323.0,YE-JA,ALJAWF,Al Jawf,Al Jawf,ADM1,16.689733,45.611556,KHABBWAASHSHAF,10618778.0,YE-JA,KHABBWAASHSHAF,Khabb wa ash Sha‘f,Khabb wa ash Sha`f,ADM2,16.643164,45.785317,unclear,,,,,,,,
YEM131,27/07/2013,unclear,Al Mahfid,Abyan,4,9,0,0,0,0,0,0,ABYAN,-3182060.0,YE-AB,ABYAN,Abyan,Abyan,ADM1,13.786202,46.141766,ALMAHFID,10618515.0,YE-AB,ALMAHFID,Al Maḩfid,Al Mahfid,ADM2,14.01847,46.755958,,,,,,,,,
YEM132,30/07/2013,unclear,As Said,Shabwah,3,4,0,0,0,0,0,0,SHABWAH,-3191647.0,YE-SH,SHABWAH,Shabwah,Shabwah,ADM1,15.0,47.0,ASSAID,10618520.0,YE-SH,ASSAID,Aş Şa‘īd,As Sa`id,ADM2,14.280411,46.86933,,,,,,,,,
YEM133,01/08/2013,Wadi Ser,unclear,Hadramawt,3,5,4,5,1,1,3,3,HADRAMAWT,-3187120.0,YE-HD,HADRAMAWT,Ḩaḑramawt,Hadramawt,ADM1,16.0,49.0,,,,,,,,,,WADISER,-3191514.0,YE-HD,WADISER,Wadi Ser,Wadi Ser,WAD,15.904444,48.568056
YEM134,06/08/2013,Wadi Abida,unclear,Marib,4,4,0,0,0,0,0,0,MARIB,-3189596.0,YE-MA,MARIB,Ma’rib,Ma'rib,ADM1,15.416667,45.35,,,,,,,,,,WADIABIDAH,10815506.0,YE-MA,WADIABIDAH,Wādī Abīdah,Wadi Abidah,WAD,15.458435,45.386388
YEM135,07/08/2013,unclear,unclear,Shabwah,6,8,0,0,0,0,0,0,SHABWAH,-3191647.0,YE-SH,SHABWAH,Shabwah,Shabwah,ADM1,15.0,47.0,,,,,,,,,,,,,,,,,,
YEM136,08/08/2013,Wadi Abida,unclear,Marib,3,8,2,2,2,2,0,0,MARIB,-3189596.0,YE-MA,MARIB,Ma’rib,Ma'rib,ADM1,15.416667,45.35,,,,,,,,,,WADIABIDAH,10815506.0,YE-MA,WADIABIDAH,Wādī Abīdah,Wadi Abidah,WAD,15.458435,45.386388
YEM137,08/08/2013,Al Ayoun,unclear,Hadramawt,2,7,0,0,0,0,0,0,HADRAMAWT,-3187120.0,YE-HD,HADRAMAWT,Ḩaḑramawt,Hadramawt,ADM1,16.0,49.0,,,,,,,,,,ALAUN,-3182595.0,YE-HD,ALAUN,Al-‘Aun,Al-`Aun,PPL,15.966667,48.716667
YEM138,08/08/2013,unclear,Al Qatn,Hadramawt,3,5,0,0,0,0,0,0,HADRAMAWT,-3187120.0,YE-HD,HADRAMAWT,Ḩaḑramawt,Hadramawt,ADM1,16.0,49.0,ALQATAN,10618443.0,YE-HD,ALQATAN,Al Qaţan,Al Qatan,ADM2,16.016604,48.214611,,,,,,,,,
YEM139,10/08/2013,Al Askariya,unclear,Lahij,2,5,0,0,0,0,2,5,LAHIJ,9236596.0,YE-LA,LAHIJ,Laḩij,Lahij,ADM1,13.166667,44.583333,,,,,,,,,,ALASKARIYAH,-3182564.0,YE-LA,ALASKARIYAH,Al ‘Askarīyah,Al `Askariyah,PPL,13.616667,45.1
YEM140,30/08/2013,Manaseh,unclear,ALBAYDA,4,6,0,0,0,0,0,0,ALBAYDA,-3182650.0,YE-BA,ALBAYDA,Al Bayḑā’,Al Bayda',ADM1,14.34166,45.394422,,,,,,,,,,unclear,,,,,,,,
YEM141,19/11/2013,unclear,Ghayl Ba Wazir,Hadramawt,5,5,0,0,0,0,0,0,HADRAMAWT,-3187120.0,YE-HD,HADRAMAWT,Ḩaḑramawt,Hadramawt,ADM1,16.0,49.0,GHAYLBAWAZIR,10618445.0,YE-HD,GHAYLBAWAZIR,Ghayl Bā Wazīr,Ghayl Ba Wazir,ADM2,14.886296,49.024495,,,,,,,,,
YEM142,26/11/2013,unclear,Al Mahfid,Abyan,12,12,0,0,0,0,0,0,ABYAN,-3182060.0,YE-AB,ABYAN,Abyan,Abyan,ADM1,13.786202,46.141766,ALMAHFID,10618515.0,YE-AB,ALMAHFID,Al Maḩfid,Al Mahfid,ADM2,14.01847,46.755958,,,,,,,,,
YEM143,09/12/2013,unclear,Al Qatn,Hadramawt,3,3,0,0,0,0,0,0,HADRAMAWT,-3187120.0,YE-HD,HADRAMAWT,Ḩaḑramawt,Hadramawt,ADM1,16.0,49.0,ALQATAN,10618443.0,YE-HD,ALQATAN,Al Qaţan,Al Qatan,ADM2,16.016604,48.214611,,,,,,,,,
YEM144,12/12/2013,unclear,Rada,ALBAYDA,12,17,8,16,0,0,5,30,ALBAYDA,-3182650.0,YE-BA,ALBAYDA,Al Bayḑā’,Al Bayda',ADM1,14.34166,45.394422,RADA,-3191086.0,YE-BA,RADA,Radā‘,Rada`,ADM2,14.339995,44.908741,,,,,,,,,
YEM145,27/12/2013,Shibam,unclear,Hadramawt,1,6,0,0,0,0,0,0,HADRAMAWT,-3187120.0,YE-HD,HADRAMAWT,Ḩaḑramawt,Hadramawt,ADM1,16.0,49.0,,,,,,,,,,SHIBAM,-3191908.0,YE-HD,SHIBAM,Shibām,Shibam,PPL,15.926944,48.626667
YEM146,31/12/2013,unclear,Al Mahfid,Abyan,2,6,0,0,0,0,0,3,ABYAN,-3182060.0,YE-AB,ABYAN,Abyan,Abyan,ADM1,13.786202,46.141766,ALMAHFID,10618515.0,YE-AB,ALMAHFID,Al Maḩfid,Al Mahfid,ADM2,14.01847,46.755958,,,,,,,,,
YEM147,06/01/2014,unclear,Rada,ALBAYDA,0,0,0,0,0,0,0,2,ALBAYDA,-3182650.0,YE-BA,ALBAYDA,Al Bayḑā’,Al Bayda',ADM1,14.34166,45.394422,RADA,-3191086.0,YE-BA,RADA,Radā‘,Rada`,ADM2,14.339995,44.908741,,,,,,,,,
YEM148,08/01/2014,unclear,Al Qatn,Hadramawt,2,2,0,0,0,0,0,2,HADRAMAWT,-3187120.0,YE-HD,HADRAMAWT,Ḩaḑramawt,Hadramawt,ADM1,16.0,49.0,ALQATAN,10618443.0,YE-HD,ALQATAN,Al Qaţan,Al Qatan,ADM2,16.016604,48.214611,,,,,,,,,
YEM149,15/01/2014,Shibam,unclear,Hadramawt,1,1,1,1,0,0,0,0,HADRAMAWT,-3187120.0,YE-HD,HADRAMAWT,Ḩaḑramawt,Hadramawt,ADM1,16.0,49.0,,,,,,,,,,SHIBAM,-3191908.0,YE-HD,SHIBAM,Shibām,Shibam,PPL,15.926944,48.626667
YEM150,24/01/2014,Wadi Abida,unclear,Marib,3,4,0,0,0,0,0,0,MARIB,-3189596.0,YE-MA,MARIB,Ma’rib,Ma'rib,ADM1,15.416667,45.35,,,,,,,,,,WADIABIDAH,10815506.0,YE-MA,WADIABIDAH,Wādī Abīdah,Wadi Abidah,WAD,15.458435,45.386388
YEM151,03/02/2014,unclear,Al Mahfid,Abyan,0,4,0,0,0,0,0,2,ABYAN,-3182060.0,YE-AB,ABYAN,Abyan,Abyan,ADM1,13.786202,46.141766,ALMAHFID,10618515.0,YE-AB,ALMAHFID,Al Maḩfid,Al Mahfid,ADM2,14.01847,46.755958,,,,,,,,,
YEM152,02/03/2014,Shabwan,unclear,Marib,2,3,0,0,0,0,2,2,MARIB,-3189596.0,YE-MA,MARIB,Ma’rib,Ma'rib,ADM1,15.416667,45.35,,,,,,,,,,IRQALSHABWAN,10642648.0,YE-MA,IRQALSHABWAN,‘Irq Āl Shabwān,`Irq Al Shabwan,PPL,15.514789,45.370144
YEM153,03/03/2014,unclear,Al Mahfid,Abyan,1,1,0,0,0,0,0,0,ABYAN,-3182060.0,YE-AB,ABYAN,Abyan,Abyan,ADM1,13.786202,46.141766,ALMAHFID,10618515.0,YE-AB,ALMAHFID,Al Maḩfid,Al Mahfid,ADM2,14.01847,46.755958,,,,,,,,,
YEM154,03/03/2014,unclear,Rudum,Shabwah,2,4,0,0,0,0,2,2,SHABWAH,-3191647.0,YE-SH,SHABWAH,Shabwah,Shabwah,ADM1,15.0,47.0,RUDUM,10618514.0,YE-SH,RUDUM,Ruḑūm,Rudum,ADM2,14.085554,47.868147,,,,,,,,,
YEM155,05/03/2014,Khalek,unclear,Jawf,2,4,0,0,0,0,0,0,ALJAWF,-3188323.0,YE-JA,ALJAWF,Al Jawf,Al Jawf,ADM1,16.689733,45.611556,,,,,,,,,,unclear,,,,,,,,
YEM156,10/03/2014,Wadi Abida,unclear,Marib,1,4,0,1,0,1,0,0,MARIB,-3189596.0,YE-MA,MARIB,Ma’rib,Ma'rib,ADM1,15.416667,45.35,,,,,,,,,,WADIABIDAH,10815506.0,YE-MA,WADIABIDAH,Wādī Abīdah,Wadi Abidah,WAD,15.458435,45.386388
YEM157,12/03/2014,unclear,Khabb wa ash Sha`f,Jawf,2,3,0,0,0,0,0,0,ALJAWF,-3188323.0,YE-JA,ALJAWF,Al Jawf,Al Jawf,ADM1,16.689733,45.611556,KHABBWAASHSHAF,10618778.0,YE-JA,KHABBWAASHSHAF,Khabb wa ash Sha‘f,Khabb wa ash Sha`f,ADM2,16.643164,45.785317,,,,,,,,,
YEM158,01/04/2014,unclear,Al Mahfid,Abyan,3,3,0,0,0,0,4,4,ABYAN,-3182060.0,YE-AB,ABYAN,Abyan,Abyan,ADM1,13.786202,46.141766,ALMAHFID,10618515.0,YE-AB,ALMAHFID,Al Maḩfid,Al Mahfid,ADM2,14.01847,46.755958,,,,,,,,,
YEM159,19/04/2014,unclear,ASSAWMAH,ALBAYDA,13,21,3,8,0,0,1,6,ALBAYDA,-3182650.0,YE-BA,ALBAYDA,Al Bayḑā’,Al Bayda',ADM1,14.34166,45.394422,ASSAWMAH,10618529.0,YE-BA,ASSAWMAH,Aş Şawm‘ah,As Sawm`ah,ADM2,14.227711,45.831125,,,,,,,,,
YEM160,20/04/2014,unclear,Al Mahfid,Abyan,24,31,1,1,1,1,1,3,ABYAN,-3182060.0,YE-AB,ABYAN,Abyan,Abyan,ADM1,13.786202,46.141766,ALMAHFID,10618515.0,YE-AB,ALMAHFID,Al Maḩfid,Al Mahfid,ADM2,14.01847,46.755958,,,,,,,,,
YEM161,21/04/2014,unclear,Usaylan,Shabwah,3,4,1,1,1,1,0,0,SHABWAH,-3191647.0,YE-SH,SHABWAH,Shabwah,Shabwah,ADM1,15.0,47.0,USAYLAN,10618644.0,YE-SH,USAYLAN,‘Usaylān,`Usaylan,ADM2,15.171595,46.027444,,,,,,,,,
YEM162,12/05/2014,Wadi Abida,unclear,Marib,4,6,0,0,0,0,0,0,MARIB,-3189596.0,YE-MA,MARIB,Ma’rib,Ma'rib,ADM1,15.416667,45.35,,,,,,,,,,WADIABIDAH,10815506.0,YE-MA,WADIABIDAH,Wādī Abīdah,Wadi Abidah,WAD,15.458435,45.386388
YEM163,04/06/2014,Wadi Abida,unclear,Marib,3,4,0,0,0,0,0,0,MARIB,-3189596.0,YE-MA,MARIB,Ma’rib,Ma'rib,ADM1,15.416667,45.35,,,,,,,,,,WADIABIDAH,10815506.0,YE-MA,WADIABIDAH,Wādī Abīdah,Wadi Abidah,WAD,15.458435,45.386388
YEM164,13/06/2014,Mafraq al Saeed,unclear,Marib,5,6,0,0,0,0,0,0,MARIB,-3189596.0,YE-MA,MARIB,Ma’rib,Ma'rib,ADM1,15.416667,45.35,,,,,,,,,,SA,12338383.0,YE-MA,SA,Şā‘,Sa`,FRM,15.674932,44.751258
YEM165,21/06/2014,unclear,unclear,ALBAYDA,0,0,0,0,0,0,0,0,ALBAYDA,-3182650.0,YE-BA,ALBAYDA,Al Bayḑā’,Al Bayda',ADM1,14.34166,45.394422,,,,,,,,,,,,,,,,,,
YEM166,09/08/2014,Wadi Abida,unclear,Marib,3,3,0,0,0,0,2,2,MARIB,-3189596.0,YE-MA,MARIB,Ma’rib,Ma'rib,ADM1,15.416667,45.35,,,,,,,,,,WADIABIDAH,10815506.0,YE-MA,WADIABIDAH,Wādī Abīdah,Wadi Abidah,WAD,15.458435,45.386388
YEM167,16/08/2014,unclear,unclear,Hadramawt,3,3,0,0,0,0,0,0,HADRAMAWT,-3187120.0,YE-HD,HADRAMAWT,Ḩaḑramawt,Hadramawt,ADM1,16.0,49.0,,,,,,,,,,,,,,,,,,
YEM168,11/09/2014,unclear,unclear,Shabwah,4,5,0,0,0,0,0,0,SHABWAH,-3191647.0,YE-SH,SHABWAH,Shabwah,Shabwah,ADM1,15.0,47.0,,,,,,,,,,,,,,,,,,
YEM169,25/09/2014,unclear,Nisab,Shabwah,4,5,0,0,0,0,0,0,SHABWAH,-3191647.0,YE-SH,SHABWAH,Shabwah,Shabwah,ADM1,15.0,47.0,NISAB,10618512.0,YE-SH,NISAB,Nişāb,Nisab,ADM2,14.478977,46.44767,,,,,,,,,
YEM170,26/09/2014,Khasaf,unclear,Jawf,2,3,0,0,0,0,3,3,ALJAWF,-3188323.0,YE-JA,ALJAWF,Al Jawf,Al Jawf,ADM1,16.689733,45.611556,,,,,,,,,,unclear,,,,,,,,
YEM171,15/10/2014,Bani Assaf,Mayfaa,Shabwah,4,4,0,0,0,0,0,0,SHABWAH,-3191647.0,YE-SH,SHABWAH,Shabwah,Shabwah,ADM1,15.0,47.0,MAYFAAH,10618513.0,YE-SH,MAYFAAH,Mayfa‘ah,Mayfa`ah,ADM2,14.370924,47.740448,ASSALF,-3184661.0,YE-SH,ASSALF,As Salf,As Salf,HLL,14.632402,46.310243
YEM172,24/10/2014,unclear,Rada,ALBAYDA,3,10,0,10,0,0,0,0,ALBAYDA,-3182650.0,YE-BA,ALBAYDA,Al Bayḑā’,Al Bayda',ADM1,14.34166,45.394422,RADA,-3191086.0,YE-BA,RADA,Radā‘,Rada`,ADM2,14.339995,44.908741,,,,,,,,,
YEM173,26/10/2014,unclear,Rada,ALBAYDA,12,20,2,10,0,0,0,0,ALBAYDA,-3182650.0,YE-BA,ALBAYDA,Al Bayḑā’,Al Bayda',ADM1,14.34166,45.394422,RADA,-3191086.0,YE-BA,RADA,Radā‘,Rada`,ADM2,14.339995,44.908741,,,,,,,,,
YEM174,04/11/2014,unclear,Rada,ALBAYDA,9,20,0,0,0,0,0,0,ALBAYDA,-3182650.0,YE-BA,ALBAYDA,Al Bayḑā’,Al Bayda',ADM1,14.34166,45.394422,RADA,-3191086.0,YE-BA,RADA,Radā‘,Rada`,ADM2,14.339995,44.908741,,,,,,,,,
YEM175,12/11/2014,Azzan,unclear,Shabwah,6,8,0,0,0,0,0,0,SHABWAH,-3191647.0,YE-SH,SHABWAH,Shabwah,Shabwah,ADM1,15.0,47.0,,,,,,,,,,AZZAN,-3184987.0,YE-SH,AZZAN,‘Azzān,`Azzan,PPL,14.327047,47.448578
YEM176,26/11/2014,unclear,Hajar as Say`ar,Hadramawt,7,7,0,0,0,0,0,0,HADRAMAWT,-3187120.0,YE-HD,HADRAMAWT,Ḩaḑramawt,Hadramawt,ADM1,16.0,49.0,HAJARASSAYAR,10618452.0,YE-HD,HAJARASSAYAR,Ḩajar aş Şay‘ar,Hajar as Say`ar,ADM2,16.26585,47.953679,,,,,,,,,
YEM177,06/12/2014,unclear,Nisab,Shabwah,9,10,0,0,0,0,3,3,SHABWAH,-3191647.0,YE-SH,SHABWAH,Shabwah,Shabwah,ADM1,15.0,47.0,NISAB,10618512.0,YE-SH,NISAB,Nişāb,Nisab,ADM2,14.478977,46.44767,,,,,,,,,
YEM178,06/12/2014,Dafaar,unclear,Shabwah,11,11,8,8,1,1,0,0,SHABWAH,-3191647.0,YE-SH,SHABWAH,Shabwah,Shabwah,ADM1,15.0,47.0,,,,,,,,,,WADIDAFAA,11201026.0,YE-SH,WADIDAFAA,Wādī Dafa‘a,Wadi Dafa`a,WAD,14.240782,46.457158
YEM179,26/01/2015,unclear,unclear,unclear,3,3,1,2,1,1,0,0,,,,,,,,,,,,,,,,,,,,,,,,,,,
YEM180,31/01/2015,unclear,As Said,Shabwah,4,4,0,0,0,0,0,0,SHABWAH,-3191647.0,YE-SH,SHABWAH,Shabwah,Shabwah,ADM1,15.0,47.0,ASSAID,10618520.0,YE-SH,ASSAID,Aş Şa‘īd,As Sa`id,ADM2,14.280411,46.86933,,,,,,,,,
YEM181,02/02/2015,unclear,unclear,ALBAYDA,3,6,0,0,0,0,0,0,ALBAYDA,-3182650.0,YE-BA,ALBAYDA,Al Bayḑā’,Al Bayda',ADM1,14.34166,45.394422,,,,,,,,,,,,,,,,,,
YEM182,20/02/2015,Al Houta,unclear,Shabwah,2,3,0,0,0,0,0,0,SHABWAH,-3191647.0,YE-SH,SHABWAH,Shabwah,Shabwah,ADM1,15.0,47.0,,,,,,,,,,ALHAUTAH,-3183010.0,YE-SH,ALHAUTAH,Al Hautah,Al Hautah,PPL,14.430458,46.149807
YEM183,28/02/2015,unclear,Bayhan,Shabwah,3,4,0,0,0,0,0,0,SHABWAH,-3191647.0,YE-SH,SHABWAH,Shabwah,Shabwah,ADM1,15.0,47.0,BAYHAN,10618533.0,YE-SH,BAYHAN,Bayḩān,Bayhan,ADM2,14.752961,45.748229,,,,,,,,,
YEM184,01/03/2015,unclear,unclear,Shabwah,2,3,0,0,0,0,3,3,SHABWAH,-3191647.0,YE-SH,SHABWAH,Shabwah,Shabwah,ADM1,15.0,47.0,,,,,,,,,,,,,,,,,,
YEM185,12/04/2015,unclear,Al Mukalla,Hadramawt,3,7,0,0,0,0,0,0,HADRAMAWT,-3187120.0,YE-HD,HADRAMAWT,Ḩaḑramawt,Hadramawt,ADM1,16.0,49.0,ALMUKALLA,10618447.0,YE-HD,ALMUKALLA,Al Mukallā,Al Mukalla,ADM2,14.671118,48.91989,,,,,,,,,
YEM186,17/04/2015,unclear,Habban,Shabwah,2,2,0,0,0,0,0,0,SHABWAH,-3191647.0,YE-SH,SHABWAH,Shabwah,Shabwah,ADM1,15.0,47.0,HABBAN,10618518.0,YE-SH,HABBAN,Ḩabbān,Habban,ADM2,14.290268,47.136125,,,,,,,,,
YEM187,19/04/2015,unclear,As Said,Shabwah,2,6,0,0,0,0,0,0,SHABWAH,-3191647.0,YE-SH,SHABWAH,Shabwah,Shabwah,ADM1,15.0,47.0,ASSAID,10618520.0,YE-SH,ASSAID,Aş Şa‘īd,As Sa`id,ADM2,14.280411,46.86933,,,,,,,,,
YEM188,21/04/2015,unclear,Al Mukalla,Hadramawt,5,7,0,1,0,1,0,0,HADRAMAWT,-3187120.0,YE-HD,HADRAMAWT,Ḩaḑramawt,Hadramawt,ADM1,16.0,49.0,ALMUKALLA,10618447.0,YE-HD,ALMUKALLA,Al Mukallā,Al Mukalla,ADM2,14.671118,48.91989,,,,,,,,,
YEM189,08/05/2015,Mafraq,unclear,Shabwah,3,3,0,0,0,0,0,0,SHABWAH,-3191647.0,YE-SH,SHABWAH,Shabwah,Shabwah,ADM1,15.0,47.0,,,,,,,,,,MAHRAQ,-3189334.0,YE-SH,MAHRAQ,Maḩraq,Mahraq,PPL,14.233333,46.45
YEM190,10/05/2015,unclear,Ataq,Shabwah,1,4,0,0,0,0,0,0,SHABWAH,-3191647.0,YE-SH,SHABWAH,Shabwah,Shabwah,ADM1,15.0,47.0,ATAQ,10618511.0,YE-SH,ATAQ,‘Ataq,`Ataq,ADM2,14.572856,46.831872,,,,,,,,,
YEM191,11/05/2015,unclear,Al Mukalla,Hadramawt,4,4,0,0,0,0,2,2,HADRAMAWT,-3187120.0,YE-HD,HADRAMAWT,Ḩaḑramawt,Hadramawt,ADM1,16.0,49.0,ALMUKALLA,10618447.0,YE-HD,ALMUKALLA,Al Mukallā,Al Mukalla,ADM2,14.671118,48.91989,,,,,,,,,
YEM192,16/05/2015,unclear,unclear,Shabwah,3,3,0,0,0,0,0,0,SHABWAH,-3191647.0,YE-SH,SHABWAH,Shabwah,Shabwah,ADM1,15.0,47.0,,,,,,,,,,,,,,,,,,
YEM193,22/05/2015,unclear,unclear,Shabwah,3,5,0,0,0,0,0,0,SHABWAH,-3191647.0,YE-SH,SHABWAH,Shabwah,Shabwah,ADM1,15.0,47.0,,,,,,,,,,,,,,,,,,
YEM194,02/06/2015,unclear,unclear,Jawf,5,20,0,0,0,0,0,0,ALJAWF,-3188323.0,YE-JA,ALJAWF,Al Jawf,Al Jawf,ADM1,16.689733,45.611556,,,,,,,,,,,,,,,,,,
YEM195,09/06/2015,unclear,Al Mukalla,Hadramawt,3,3,0,0,0,0,2,2,HADRAMAWT,-3187120.0,YE-HD,HADRAMAWT,Ḩaḑramawt,Hadramawt,ADM1,16.0,49.0,ALMUKALLA,10618447.0,YE-HD,ALMUKALLA,Al Mukallā,Al Mukalla,ADM2,14.671118,48.91989,,,,,,,,,
YEM196,25/06/2015,unclear,Al Mukalla,Hadramawt,4,5,0,0,0,0,2,2,HADRAMAWT,-3187120.0,YE-HD,HADRAMAWT,Ḩaḑramawt,Hadramawt,ADM1,16.0,49.0,ALMUKALLA,10618447.0,YE-HD,ALMUKALLA,Al Mukallā,Al Mukalla,ADM2,14.671118,48.91989,,,,,,,,,
YEM197,26/06/2015,Rafadh,unclear,Shabwah,4,4,0,0,0,0,0,0,SHABWAH,-3191647.0,YE-SH,SHABWAH,Shabwah,Shabwah,ADM1,15.0,47.0,,,,,,,,,,WADIRAFAD,-3190892.0,YE-SH,WADIRAFAD,Wādī Rafad,Wadi Rafad,WAD,14.093611,48.138333
YEM198,26/06/2015,unclear,Al Mukalla,Hadramawt,4,4,0,0,0,0,0,0,HADRAMAWT,-3187120.0,YE-HD,HADRAMAWT,Ḩaḑramawt,Hadramawt,ADM1,16.0,49.0,ALMUKALLA,10618447.0,YE-HD,ALMUKALLA,Al Mukallā,Al Mukalla,ADM2,14.671118,48.91989,,,,,,,,,
YEM199,03/07/2015,unclear,Al Mukalla,Hadramawt,4,4,0,0,0,0,0,0,HADRAMAWT,-3187120.0,YE-HD,HADRAMAWT,Ḩaḑramawt,Hadramawt,ADM1,16.0,49.0,ALMUKALLA,10618447.0,YE-HD,ALMUKALLA,Al Mukallā,Al Mukalla,ADM2,14.671118,48.91989,,,,,,,,,
YEM200,11/07/2015,unclear,Al Mukalla,Hadramawt,3,10,0,0,0,0,0,0,HADRAMAWT,-3187120.0,YE-HD,HADRAMAWT,Ḩaḑramawt,Hadramawt,ADM1,16.0,49.0,ALMUKALLA,10618447.0,YE-HD,ALMUKALLA,Al Mukallā,Al Mukalla,ADM2,14.671118,48.91989,,,,,,,,,
YEM201,29/07/2015,Wadi Dikha,unclear,Abyan,4,5,0,0,0,0,0,0,ABYAN,-3182060.0,YE-AB,ABYAN,Abyan,Abyan,ADM1,13.786202,46.141766,,,,,,,,,,WADIDEKA,-3186172.0,YE-AB,WADIDEKA,Wādī Ḍēka,Wadi Deka,WAD,13.783333,46.65
YEM202,12/08/2015,unclear,unclear,Hadramawt,5,5,0,0,0,0,0,0,HADRAMAWT,-3187120.0,YE-HD,HADRAMAWT,Ḩaḑramawt,Hadramawt,ADM1,16.0,49.0,,,,,,,,,,,,,,,,,,
YEM203,21/08/2015,unclear,Harib,Marib,3,3,0,0,0,0,0,0,MARIB,-3189596.0,YE-MA,MARIB,Ma’rib,Ma'rib,ADM1,15.416667,45.35,HARIB,-3187401.0,YE-MA,HARIB,Ḩarīb,Harib,ADM2,14.930446,45.368197,,,,,,,,,
YEM204,23/08/2015,unclear,Al Mukalla,Hadramawt,4,4,0,0,0,0,0,0,HADRAMAWT,-3187120.0,YE-HD,HADRAMAWT,Ḩaḑramawt,Hadramawt,ADM1,16.0,49.0,ALMUKALLA,10618447.0,YE-HD,ALMUKALLA,Al Mukallā,Al Mukalla,ADM2,14.671118,48.91989,,,,,,,,,
YEM205,26/08/2015,unclear,Al Mukalla,Hadramawt,5,5,0,0,0,0,0,0,HADRAMAWT,-3187120.0,YE-HD,HADRAMAWT,Ḩaḑramawt,Hadramawt,ADM1,16.0,49.0,ALMUKALLA,10618447.0,YE-HD,ALMUKALLA,Al Mukallā,Al Mukalla,ADM2,14.671118,48.91989,,,,,,,,,
YEM206,09/09/2015,unclear,Al Mukalla,Hadramawt,3,6,0,4,0,0,2,2,HADRAMAWT,-3187120.0,YE-HD,HADRAMAWT,Ḩaḑramawt,Hadramawt,ADM1,16.0,49.0,ALMUKALLA,10618447.0,YE-HD,ALMUKALLA,Al Mukallā,Al Mukalla,ADM2,14.671118,48.91989,,,,,,,,,
YEM207,11/09/2015,unclear,unclear,unclear,4,4,0,0,0,0,0,0,,,,,,,,,,,,,,,,,,,,,,,,,,,
YEM208,12/09/2015,unclear,Al Mukalla,Hadramawt,4,5,0,0,0,0,0,0,HADRAMAWT,-3187120.0,YE-HD,HADRAMAWT,Ḩaḑramawt,Hadramawt,ADM1,16.0,49.0,ALMUKALLA,10618447.0,YE-HD,ALMUKALLA,Al Mukallā,Al Mukalla,ADM2,14.671118,48.91989,,,,,,,,,
YEM209,21/09/2015,Marib city,Marib,Marib,2,2,0,0,0,0,0,0,MARIB,-3189596.0,YE-MA,MARIB,Ma’rib,Ma'rib,ADM1,15.416667,45.35,MARIB,-3189597.0,YE-MA,MARIB,Ma’rib,Ma'rib,ADM2,15.723778,46.011143,MARIB,-3189595.0,YE-MA,MARIB,Ma’rib,Ma'rib,RUIN,15.422255,45.368654
YEM210,22/12/2015,unclear,unclear,unclear,4,4,0,0,0,0,0,0,,,,,,,,,,,,,,,,,,,,,,,,,,,
YEM211,15/01/2016,Rafadh,unclear,Shabwah,3,3,0,0,0,0,0,0,SHABWAH,-3191647.0,YE-SH,SHABWAH,Shabwah,Shabwah,ADM1,15.0,47.0,,,,,,,,,,WADIRAFAD,-3190892.0,YE-SH,WADIRAFAD,Wādī Rafad,Wadi Rafad,WAD,14.093611,48.138333
YEM212,19/01/2016,unclear,Sayun,Hadramawt,2,2,0,0,0,0,0,0,HADRAMAWT,-3187120.0,YE-HD,HADRAMAWT,Ḩaḑramawt,Hadramawt,ADM1,16.0,49.0,SAYUN,10618441.0,YE-HD,SAYUN,Say’ūn,Say'un,ADM2,15.947115,48.831486,,,,,,,,,
YEM213,03/02/2016,Rawda,Arrawdah,Shabwah,6,6,0,0,0,0,0,0,SHABWAH,-3191647.0,YE-SH,SHABWAH,Shabwah,Shabwah,ADM1,15.0,47.0,ARRAWDAH,10618510.0,YE-SH,ARRAWDAH,Ar Rawḑah,Ar Rawdah,ADM2,14.476294,47.27461,WADIARRAWDAH,-3191007.0,YE-SH,WADIARRAWDAH,Wādī ar Rawḑah,Wadi ar Rawdah,WAD,15.052275,47.316517
YEM214,03/02/2016,Maraquesha,unclear,Abyan,3,3,0,0,0,0,0,0,ABYAN,-3182060.0,YE-AB,ABYAN,Abyan,Abyan,ADM1,13.786202,46.141766,,,,,,,,,,MARAQISHAH,-3182332.0,YE-AB,MARAQISHAH,Marāqishah,Maraqishah,TRB,13.560833,46.156389
YEM215,15/02/2016,Huta,unclear,Lahij,3,3,0,0,0,0,0,0,LAHIJ,9236596.0,YE-LA,LAHIJ,Laḩij,Lahij,ADM1,13.166667,44.583333,,,,,,,,,,ALWAHDAHASSIHHIYAHALAHUTAYB,10779483.0,YE-LA,ALWAHDAHASSIHHIYAHALAHUTAYB,Al Waḩdah aş Şiḩḩīyah A‘lá Ḩuţayb,Al Wahdah as Sihhiyah A`la Hutayb,HSPC,13.889256,45.252317
YEM216,29/02/2016,unclear,unclear,Hadramawt,3,3,0,0,0,0,0,0,HADRAMAWT,-3187120.0,YE-HD,HADRAMAWT,Ḩaḑramawt,Hadramawt,ADM1,16.0,49.0,,,,,,,,,,,,,,,,,,
YEM217,04/03/2016,unclear,Rudum,Shabwah,4,4,0,0,0,0,0,0,SHABWAH,-3191647.0,YE-SH,SHABWAH,Shabwah,Shabwah,ADM1,15.0,47.0,RUDUM,10618514.0,YE-SH,RUDUM,Ruḑūm,Rudum,ADM2,14.085554,47.868147,,,,,,,,,
YEM218,22/03/2016,unclear,Hajar,Hadramawt,50,71,0,0,0,0,28,30,HADRAMAWT,-3187120.0,YE-HD,HADRAMAWT,Ḩaḑramawt,Hadramawt,ADM1,16.0,49.0,HAJAR,10618863.0,YE-HD,HAJAR,Ḩajar,Hajar,ADM2,14.438039,48.277368,,,,,,,,,
YEM219,26/03/2016,Al Hudhn and Naqeel al Hayala villages,unclear,Abyan,8,8,0,0,0,0,0,0,ABYAN,-3182060.0,YE-AB,ABYAN,Abyan,Abyan,ADM1,13.786202,46.141766,,,,,,,,,,unclear,,,,,,,,
YEM220,26/03/2016,unclear,Zinjibar,Abyan,6,6,0,0,0,0,0,0,ABYAN,-3182060.0,YE-AB,ABYAN,Abyan,Abyan,ADM1,13.786202,46.141766,ZINJIBAR,10618573.0,YE-AB,ZINJIBAR,Zinjibār,Zinjibar,ADM2,13.140857,45.430399,,,,,,,,,
YEM221,28/03/2016,unclear,Al Mukalla,Hadramawt,5,5,3,3,0,0,0,0,HADRAMAWT,-3187120.0,YE-HD,HADRAMAWT,Ḩaḑramawt,Hadramawt,ADM1,16.0,49.0,ALMUKALLA,10618447.0,YE-HD,ALMUKALLA,Al Mukallā,Al Mukalla,ADM2,14.671118,48.91989,,,,,,,,,
YEM222,30/03/2016,Azzan,unclear,Shabwah,2,5,0,0,0,0,0,0,SHABWAH,-3191647.0,YE-SH,SHABWAH,Shabwah,Shabwah,ADM1,15.0,47.0,,,,,,,,,,AZZAN,-3184987.0,YE-SH,AZZAN,‘Azzān,`Azzan,PPL,14.327047,47.448578
YEM223,30/03/2016,unclear,Al Mukalla,Hadramawt,0,0,0,0,0,0,0,0,HADRAMAWT,-3187120.0,YE-HD,HADRAMAWT,Ḩaḑramawt,Hadramawt,ADM1,16.0,49.0,ALMUKALLA,10618447.0,YE-HD,ALMUKALLA,Al Mukallā,Al Mukalla,ADM2,14.671118,48.91989,,,,,,,,,
YEM224,03/04/2016,unclear,Al Mukalla,Hadramawt,0,0,0,0,0,0,0,0,HADRAMAWT,-3187120.0,YE-HD,HADRAMAWT,Ḩaḑramawt,Hadramawt,ADM1,16.0,49.0,ALMUKALLA,10618447.0,YE-HD,ALMUKALLA,Al Mukallā,Al Mukalla,ADM2,14.671118,48.91989,,,,,,,,,
YEM225,05/04/2016,unclear,Zinjibar,Abyan,0,0,0,0,0,0,0,0,ABYAN,-3182060.0,YE-AB,ABYAN,Abyan,Abyan,ADM1,13.786202,46.141766,ZINJIBAR,10618573.0,YE-AB,ZINJIBAR,Zinjibār,Zinjibar,ADM2,13.140857,45.430399,,,,,,,,,
YEM226,23/04/2016,Alemien,unclear,Marib,2,2,0,0,0,0,0,0,MARIB,-3189596.0,YE-MA,MARIB,Ma’rib,Ma'rib,ADM1,15.416667,45.35,,,,,,,,,,unclear,,,,,,,,
YEM227,25/04/2016,unclear,Zinjibar,Abyan,3,6,0,0,0,0,0,0,ABYAN,-3182060.0,YE-AB,ABYAN,Abyan,Abyan,ADM1,13.786202,46.141766,ZINJIBAR,10618573.0,YE-AB,ZINJIBAR,Zinjibār,Zinjibar,ADM2,13.140857,45.430399,,,,,,,,,
YEM228,25/04/2016,Azzan,unclear,Shabwah,2,10,0,0,0,0,0,0,SHABWAH,-3191647.0,YE-SH,SHABWAH,Shabwah,Shabwah,ADM1,15.0,47.0,,,,,,,,,,AZZAN,-3184987.0,YE-SH,AZZAN,‘Azzān,`Azzan,PPL,14.327047,47.448578
YEM229,28/04/2016,unclear,unclear,Shabwah,4,4,0,0,0,0,1,1,SHABWAH,-3191647.0,YE-SH,SHABWAH,Shabwah,Shabwah,ADM1,15.0,47.0,,,,,,,,,,,,,,,,,,
YEM230,19/05/2016,unclear,unclear,Shabwah,4,4,0,0,0,0,0,0,SHABWAH,-3191647.0,YE-SH,SHABWAH,Shabwah,Shabwah,ADM1,15.0,47.0,,,,,,,,,,,,,,,,,,
YEM231,09/06/2016,unclear,unclear,ALBAYDA,2,2,0,0,0,0,0,0,ALBAYDA,-3182650.0,YE-BA,ALBAYDA,Al Bayḑā’,Al Bayda',ADM1,14.34166,45.394422,,,,,,,,,,,,,,,,,,
YEM232,10/06/2016,Unknown,unclear,Marib,2,2,0,0,0,0,0,0,MARIB,-3189596.0,YE-MA,MARIB,Ma’rib,Ma'rib,ADM1,15.416667,45.35,,,,,,,,,,,,,,,,,,
YEM233,12/06/2016,unclear,Habban,Shabwah,2,3,0,0,0,0,1,1,SHABWAH,-3191647.0,YE-SH,SHABWAH,Shabwah,Shabwah,ADM1,15.0,47.0,HABBAN,10618518.0,YE-SH,HABBAN,Ḩabbān,Habban,ADM2,14.290268,47.136125,,,,,,,,,
YEM234,01/07/2016,Gardan,unclear,Shabwah,3,6,0,0,0,0,0,0,SHABWAH,-3191647.0,YE-SH,SHABWAH,Shabwah,Shabwah,ADM1,15.0,47.0,,,,,,,,,,JARDAN,-3188287.0,YE-SH,JARDAN,Jardan,Jardan,PPL,14.78786,45.730053
YEM235,04/07/2016,Musaina,unclear,Shabwah,2,3,0,0,0,0,0,1,SHABWAH,-3191647.0,YE-SH,SHABWAH,Shabwah,Shabwah,ADM1,15.0,47.0,,,,,,,,,,AIN,-3184915.0,YE-SH,AIN,Ain,Ain,PPLA2,14.851925,45.529041
YEM236,08/07/2016,unclear,unclear,unclear,1,1,0,0,0,0,0,0,,,,,,,,,,,,,,,,,,,,,,,,,,,
YEM237,10/07/2016,Jabul,unclear,Marib,0,0,0,0,0,0,4,4,MARIB,-3189596.0,YE-MA,MARIB,Ma’rib,Ma'rib,ADM1,15.416667,45.35,,,,,,,,,,ALJABUL,11181800.0,YE-MA,ALJABUL,Al Jabūl,Al Jabul,PPL,15.429585,45.361063
YEM238,16/07/2016,Al Uqlah,unclear,Shabwah,2,4,0,0,0,0,0,2,SHABWAH,-3191647.0,YE-SH,SHABWAH,Shabwah,Shabwah,ADM1,15.0,47.0,,,,,,,,,,UQLA,-3192771.0,YE-SH,UQLA,Uqla,Uqla,HLL,15.379525,46.900954
YEM239,04/08/2016,Azzan,unclear,Shabwah,2,4,0,0,0,0,2,4,SHABWAH,-3191647.0,YE-SH,SHABWAH,Shabwah,Shabwah,ADM1,15.0,47.0,,,,,,,,,,AZZAN,-3184987.0,YE-SH,AZZAN,‘Azzān,`Azzan,PPL,14.327047,47.448578
YEM240,24/08/2016,unclear,unclear,Shabwah,4,5,0,0,0,0,0,0,SHABWAH,-3191647.0,YE-SH,SHABWAH,Shabwah,Shabwah,ADM1,15.0,47.0,,,,,,,,,,,,,,,,,,
YEM241,30/08/2016,unclear,unclear,Shabwah,3,3,0,0,0,0,0,0,SHABWAH,-3191647.0,YE-SH,SHABWAH,Shabwah,Shabwah,ADM1,15.0,47.0,,,,,,,,,,,,,,,,,,
YEM242,04/09/2016,unclear,unclear,Shabwah,6,9,0,0,0,0,0,0,SHABWAH,-3191647.0,YE-SH,SHABWAH,Shabwah,Shabwah,ADM1,15.0,47.0,,,,,,,,,,,,,,,,,,
YEM243,13/09/2016,unclear,Rada,ALBAYDA,5,5,0,0,0,0,0,0,ALBAYDA,-3182650.0,YE-BA,ALBAYDA,Al Bayḑā’,Al Bayda',ADM1,14.34166,45.394422,RADA,-3191086.0,YE-BA,RADA,Radā‘,Rada`,ADM2,14.339995,44.908741,,,,,,,,,
YEM244,20/09/2016,Wadi Abida,unclear,Marib,2,2,0,0,0,0,0,0,MARIB,-3189596.0,YE-MA,MARIB,Ma’rib,Ma'rib,ADM1,15.416667,45.35,,,,,,,,,,WADIABIDAH,10815506.0,YE-MA,WADIABIDAH,Wādī Abīdah,Wadi Abidah,WAD,15.458435,45.386388
YEM245,22/09/2016,unclear,ASSAWMAH,ALBAYDA,2,3,0,0,0,0,0,0,ALBAYDA,-3182650.0,YE-BA,ALBAYDA,Al Bayḑā’,Al Bayda',ADM1,14.34166,45.394422,ASSAWMAH,10618529.0,YE-BA,ASSAWMAH,Aş Şawm‘ah,As Sawm`ah,ADM2,14.227711,45.831125,,,,,,,,,
YEM246,23/09/2016,Unknown,unclear,Marib,3,5,0,0,0,0,0,0,MARIB,-3189596.0,YE-MA,MARIB,Ma’rib,Ma'rib,ADM1,15.416667,45.35,,,,,,,,,,,,,,,,,,
YEM247,29/09/2016,unclear,unclear,ALBAYDA,2,2,0,0,0,0,0,0,ALBAYDA,-3182650.0,YE-BA,ALBAYDA,Al Bayḑā’,Al Bayda',ADM1,14.34166,45.394422,,,,,,,,,,,,,,,,,,
YEM248,06/10/2016,unclear,unclear,Shabwah,2,2,0,0,0,0,0,0,SHABWAH,-3191647.0,YE-SH,SHABWAH,Shabwah,Shabwah,ADM1,15.0,47.0,,,,,,,,,,,,,,,,,,
YEM249,12/10/2016,unclear,unclear,unclear,0,0,0,0,0,0,0,0,,,,,,,,,,,,,,,,,,,,,,,,,,,
YEM250,18/10/2016,unclear,unclear,Shabwah,3,8,0,0,0,0,2,2,SHABWAH,-3191647.0,YE-SH,SHABWAH,Shabwah,Shabwah,ADM1,15.0,47.0,,,,,,,,,,,,,,,,,,
YEM251,21/10/2016,Unknown,unclear,Marib,5,5,0,0,0,0,0,0,MARIB,-3189596.0,YE-MA,MARIB,Ma’rib,Ma'rib,ADM1,15.416667,45.35,,,,,,,,,,,,,,,,,,
YEM252,21/11/2016,unclear,unclear,ALBAYDA,1,1,0,0,0,0,0,0,ALBAYDA,-3182650.0,YE-BA,ALBAYDA,Al Bayḑā’,Al Bayda',ADM1,14.34166,45.394422,,,,,,,,,,,,,,,,,,
YEM253,24/11/2016,unclear,ASSAWMAH,ALBAYDA,2,2,0,0,0,0,0,0,ALBAYDA,-3182650.0,YE-BA,ALBAYDA,Al Bayḑā’,Al Bayda',ADM1,14.34166,45.394422,ASSAWMAH,10618529.0,YE-BA,ASSAWMAH,Aş Şawm‘ah,As Sawm`ah,ADM2,14.227711,45.831125,,,,,,,,,
YEM254,30/11/2016,unclear,unclear,Hadramawt,3,3,0,0,0,0,0,0,HADRAMAWT,-3187120.0,YE-HD,HADRAMAWT,Ḩaḑramawt,Hadramawt,ADM1,16.0,49.0,,,,,,,,,,,,,,,,,,
YEM255,13/12/2016,unclear,unclear,unclear,4,4,0,0,0,0,0,0,,,,,,,,,,,,,,,,,,,,,,,,,,,
YEM256,29/12/2016,unclear,ASSAWMAH,ALBAYDA,2,2,0,0,0,0,0,0,ALBAYDA,-3182650.0,YE-BA,ALBAYDA,Al Bayḑā’,Al Bayda',ADM1,14.34166,45.394422,ASSAWMAH,10618529.0,YE-BA,ASSAWMAH,Aş Şawm‘ah,As Sawm`ah,ADM2,14.227711,45.831125,,,,,,,,,
YEM257,08/01/2017,unclear,unclear,ALBAYDA,1,1,0,0,0,0,0,0,ALBAYDA,-3182650.0,YE-BA,ALBAYDA,Al Bayḑā’,Al Bayda',ADM1,14.34166,45.394422,,,,,,,,,,,,,,,,,,
YEM258,20/01/2017,unclear,unclear,ALBAYDA,1,1,0,0,0,0,0,0,ALBAYDA,-3182650.0,YE-BA,ALBAYDA,Al Bayḑā’,Al Bayda',ADM1,14.34166,45.394422,,,,,,,,,,,,,,,,,,
YEM259,21/01/2017,unclear,unclear,ALBAYDA,3,6,0,0,0,0,0,0,ALBAYDA,-3182650.0,YE-BA,ALBAYDA,Al Bayḑā’,Al Bayda',ADM1,14.34166,45.394422,,,,,,,,,,,,,,,,,,
YEM260,22/01/2017,unclear,unclear,ALBAYDA,1,3,0,0,0,0,0,0,ALBAYDA,-3182650.0,YE-BA,ALBAYDA,Al Bayḑā’,Al Bayda',ADM1,14.34166,45.394422,,,,,,,,,,,,,,,,,,
YEM261,28/01/2017,Yakla,unclear,ALBAYDA,39,39,25,25,10,10,7,7,ALBAYDA,-3182650.0,YE-BA,ALBAYDA,Al Bayḑā’,Al Bayda',ADM1,14.34166,45.394422,,,,,,,,,,GHABATYAKLA,-3186812.0,YE-BA,GHABATYAKLA,Ghābat Yaklā’,Ghabat Yakla',AREA,14.5,45.1
YEM262,30/01/2017,unclear,Bayhan,Shabwah,2,2,0,0,0,0,0,0,SHABWAH,-3191647.0,YE-SH,SHABWAH,Shabwah,Shabwah,ADM1,15.0,47.0,BAYHAN,10618533.0,YE-SH,BAYHAN,Bayḩān,Bayhan,ADM2,14.752961,45.748229,,,,,,,,,
YEM263,02/03/2017,unclear,unclear,unclear,2,12,0,0,0,0,0,0,,,,,,,,,,,,,,,,,,,,,,,,,,,
YEM264,03/03/2017,unclear,unclear,unclear,1,8,0,0,0,0,0,0,,,,,,,,,,,,,,,,,,,,,,,,,,,
YEM265,04/03/2017,unclear,Ahwar,Abyan,2,2,0,0,0,0,0,0,ABYAN,-3182060.0,YE-AB,ABYAN,Abyan,Abyan,ADM1,13.786202,46.141766,AHWAR,10618516.0,YE-AB,AHWAR,Aḩwar,Ahwar,ADM2,13.64209,46.755614,,,,,,,,,
YEM266,06/03/2017,unclear,unclear,unclear,7,11,0,2,0,2,0,0,,,,,,,,,,,,,,,,,,,,,,,,,,,
YEM267,31/03/2017,unclear,unclear,unclear,0,0,0,0,0,0,0,0,,,,,,,,,,,,,,,,,,,,,,,,,,,
YEM268,02/04/2017,unclear,unclear,Shabwah,0,0,0,0,0,0,0,0,SHABWAH,-3191647.0,YE-SH,SHABWAH,Shabwah,Shabwah,ADM1,15.0,47.0,,,,,,,,,,,,,,,,,,
YEM269,18/04/2017,Unknown,unclear,Marib,3,4,0,0,0,0,0,0,MARIB,-3189596.0,YE-MA,MARIB,Ma’rib,Ma'rib,ADM1,15.416667,45.35,,,,,,,,,,,,,,,,,,
YEM270,23/04/2017,unclear,As Said,Shabwah,3,8,3,8,0,0,0,0,SHABWAH,-3191647.0,YE-SH,SHABWAH,Shabwah,Shabwah,ADM1,15.0,47.0,ASSAID,10618520.0,YE-SH,ASSAID,Aş Şa‘īd,As Sa`id,ADM2,14.280411,46.86933,,,,,,,,,
YEM271,24/04/2017,unclear,unclear,unclear,0,0,0,0,0,0,0,0,,,,,,,,,,,,,,,,,,,,,,,,,,,
YEM272,29/04/2017,Unknown,unclear,Marib,4,5,0,0,0,0,0,0,MARIB,-3189596.0,YE-MA,MARIB,Ma’rib,Ma'rib,ADM1,15.416667,45.35,,,,,,,,,,,,,,,,,,
YEM273,29/04/2017,unclear,unclear,Shabwah,3,3,0,0,0,0,0,0,SHABWAH,-3191647.0,YE-SH,SHABWAH,Shabwah,Shabwah,ADM1,15.0,47.0,,,,,,,,,,,,,,,,,,
YEM274,23/05/2017,Al Sirim area,unclear,Marib,7,12,5,5,0,1,5,6,MARIB,-3189596.0,YE-MA,MARIB,Ma’rib,Ma'rib,ADM1,15.416667,45.35,,,,,,,,,,unclear,,,,,,,,
YEM275,16/06/2017,Al Naqba,unclear,Shabwah,2,3,0,0,0,0,0,0,SHABWAH,-3191647.0,YE-SH,SHABWAH,Shabwah,Shabwah,ADM1,15.0,47.0,,,,,,,,,,NAQB,-3190440.0,YE-SH,NAQB,Naqb,Naqb,PPL,14.987062,45.788073
YEM276,01/07/2017,unclear,ALWADI,Abyan,2,2,0,0,0,0,0,0,ABYAN,-3182060.0,YE-AB,ABYAN,Abyan,Abyan,ADM1,13.786202,46.141766,ALWADI,10618527.0,YE-AB,ALWADI,Al Waḑī‘,Al Wadi`,ADM2,13.719918,46.012205,,,,,,,,,
YEM277,13/08/2017,Marakishah,unclear,Abyan,0,3,0,0,0,0,0,0,ABYAN,-3182060.0,YE-AB,ABYAN,Abyan,Abyan,ADM1,13.786202,46.141766,,,,,,,,,,MARAQISHAH,-3182332.0,YE-AB,MARAQISHAH,Marāqishah,Maraqishah,TRB,13.560833,46.156389
YEM278,09/09/2017,unclear,unclear,ALBAYDA,2,7,0,0,0,0,0,0,ALBAYDA,-3182650.0,YE-BA,ALBAYDA,Al Bayḑā’,Al Bayda',ADM1,14.34166,45.394422,,,,,,,,,,,,,,,,,,
YEM279,16/09/2017,unclear,unclear,unclear,0,0,0,0,0,0,0,0,,,,,,,,,,,,,,,,,,,,,,,,,,,
YEM280,04/10/2017,unclear,unclear,ALBAYDA,1,2,0,0,0,0,0,0,ALBAYDA,-3182650.0,YE-BA,ALBAYDA,Al Bayḑā’,Al Bayda',ADM1,14.34166,45.394422,,,,,,,,,,,,,,,,,,
YEM281,08/10/2017,unclear,Raghwan,Marib,5,5,0,0,0,0,0,0,MARIB,-3189596.0,YE-MA,MARIB,Ma’rib,Ma'rib,ADM1,15.416667,45.35,RAGHWAN,10618737.0,YE-MA,RAGHWAN,Raghwān,Raghwan,ADM2,15.788076,45.069418,,,,,,,,,
YEM282,16/10/2017,unclear,unclear,ALBAYDA,50,50,0,0,0,0,0,0,ALBAYDA,-3182650.0,YE-BA,ALBAYDA,Al Bayḑā’,Al Bayda',ADM1,14.34166,45.394422,,,,,,,,,,,,,,,,,,
YEM283,19/10/2017,unclear,unclear,ALBAYDA,5,5,0,0,0,0,0,0,ALBAYDA,-3182650.0,YE-BA,ALBAYDA,Al Bayḑā’,Al Bayda',ADM1,14.34166,45.394422,,,,,,,,,,,,,,,,,,
YEM284,19/10/2017,unclear,unclear,unclear,0,0,0,0,0,0,0,0,,,,,,,,,,,,,,,,,,,,,,,,,,,
YEM285,25/10/2017,unclear,unclear,ALBAYDA,9,13,0,0,0,0,0,0,ALBAYDA,-3182650.0,YE-BA,ALBAYDA,Al Bayḑā’,Al Bayda',ADM1,14.34166,45.394422,,,,,,,,,,,,,,,,,,
YEM286,02/11/2017,Al Wadi,unclear,Marib,2,2,0,0,0,0,0,0,MARIB,-3189596.0,YE-MA,MARIB,Ma’rib,Ma'rib,ADM1,15.416667,45.35,,,,,,,,,,ALWADIH,11279364.0,YE-MA,ALWADIH,Al Wāḑiḩ,Al Wadih,PPL,14.836477,45.470118
YEM287,10/11/2017,unclear,unclear,ALBAYDA,2,2,0,0,0,0,0,0,ALBAYDA,-3182650.0,YE-BA,ALBAYDA,Al Bayḑā’,Al Bayda',ADM1,14.34166,45.394422,,,,,,,,,,,,,,,,,,
YEM288,11/11/2017,unclear,unclear,ALBAYDA,1,1,0,0,0,0,0,0,ALBAYDA,-3182650.0,YE-BA,ALBAYDA,Al Bayḑā’,Al Bayda',ADM1,14.34166,45.394422,,,,,,,,,,,,,,,,,,
YEM289,12/11/2017,unclear,unclear,ALBAYDA,2,2,0,0,0,0,0,0,ALBAYDA,-3182650.0,YE-BA,ALBAYDA,Al Bayḑā’,Al Bayda',ADM1,14.34166,45.394422,,,,,,,,,,,,,,,,,,
YEM290,19/11/2017,unclear,unclear,ALBAYDA,2,2,0,0,0,0,0,0,ALBAYDA,-3182650.0,YE-BA,ALBAYDA,Al Bayḑā’,Al Bayda',ADM1,14.34166,45.394422,,,,,,,,,,,,,,,,,,
YEM291,20/11/2017,unclear,unclear,ALBAYDA,5,5,0,0,0,0,0,0,ALBAYDA,-3182650.0,YE-BA,ALBAYDA,Al Bayḑā’,Al Bayda',ADM1,14.34166,45.394422,,,,,,,,,,,,,,,,,,
YEM292,23/11/2017,unclear,unclear,ALBAYDA,2,2,0,0,0,0,0,0,ALBAYDA,-3182650.0,YE-BA,ALBAYDA,Al Bayḑā’,Al Bayda',ADM1,14.34166,45.394422,,,,,,,,,,,,,,,,,,
YEM293,25/11/2017,unclear,unclear,Shabwah,5,7,0,0,0,0,0,0,SHABWAH,-3191647.0,YE-SH,SHABWAH,Shabwah,Shabwah,ADM1,15.0,47.0,,,,,,,,,,,,,,,,,,
YEM294,26/11/2017,Qaifa,unclear,ALBAYDA,3,3,0,0,0,0,0,0,ALBAYDA,-3182650.0,YE-BA,ALBAYDA,Al Bayḑā’,Al Bayda',ADM1,14.34166,45.394422,,,,,,,,,,unclear,,,,,,,,
YEM295,15/12/2017,unclear,unclear,ALBAYDA,1,1,0,0,0,0,0,0,ALBAYDA,-3182650.0,YE-BA,ALBAYDA,Al Bayḑā’,Al Bayda',ADM1,14.34166,45.394422,,,,,,,,,,,,,,,,,,
YEM296,19/12/2017,Unknown,unclear,Marib,1,1,0,0,0,0,0,0,MARIB,-3189596.0,YE-MA,MARIB,Ma’rib,Ma'rib,ADM1,15.416667,45.35,,,,,,,,,,,,,,,,,,
YEM297,01/01/2018,unclear,unclear,ALBAYDA,0,2,0,2,0,0,0,0,ALBAYDA,-3182650.0,YE-BA,ALBAYDA,Al Bayḑā’,Al Bayda',ADM1,14.34166,45.394422,,,,,,,,,,,,,,,,,,
YEM298,26/01/2018,unclear,As Said,Shabwah,7,7,7,7,0,0,0,0,SHABWAH,-3191647.0,YE-SH,SHABWAH,Shabwah,Shabwah,ADM1,15.0,47.0,ASSAID,10618520.0,YE-SH,ASSAID,Aş Şa‘īd,As Sa`id,ADM2,14.280411,46.86933,,,,,,,,,
YEM299,29/01/2018,unclear,unclear,unclear,0,0,0,0,0,0,0,0,,,,,,,,,,,,,,,,,,,,,,,,,,,
YEM300,11/02/2018,unclear,unclear,ALBAYDA,6,6,0,0,0,0,0,0,ALBAYDA,-3182650.0,YE-BA,ALBAYDA,Al Bayḑā’,Al Bayda',ADM1,14.34166,45.394422,,,,,,,,,,,,,,,,,,
YEM301,16/02/2018,unclear,unclear,ALBAYDA,2,3,0,0,0,0,0,0,ALBAYDA,-3182650.0,YE-BA,ALBAYDA,Al Bayḑā’,Al Bayda',ADM1,14.34166,45.394422,,,,,,,,,,,,,,,,,,
YEM302,28/02/2018,unclear,unclear,unclear,0,0,0,0,0,0,0,0,,,,,,,,,,,,,,,,,,,,,,,,,,,
YEM303,05/03/2018,unclear,unclear,Hadramawt,1,4,0,1,0,1,0,1,HADRAMAWT,-3187120.0,YE-HD,HADRAMAWT,Ḩaḑramawt,Hadramawt,ADM1,16.0,49.0,,,,,,,,,,,,,,,,,,
YEM304,07/03/2018,Al Hudhi,unclear,Hadramawt,1,1,1,1,0,0,0,0,HADRAMAWT,-3187120.0,YE-HD,HADRAMAWT,Ḩaḑramawt,Hadramawt,ADM1,16.0,49.0,,,,,,,,,,ALHUDAID,-3183073.0,YE-HD,ALHUDAID,Al-Ḥudaid,Al-Hudaid,PPL,15.816667,48.4
YEM305,08/03/2018,unclear,unclear,Hadramawt,0,0,0,0,0,0,0,0,HADRAMAWT,-3187120.0,YE-HD,HADRAMAWT,Ḩaḑramawt,Hadramawt,ADM1,16.0,49.0,,,,,,,,,,,,,,,,,,
YEM306,09/03/2018,unclear,Al Abr,Hadramawt,6,6,0,6,0,1,0,0,HADRAMAWT,-3187120.0,YE-HD,HADRAMAWT,Ḩaḑramawt,Hadramawt,ADM1,16.0,49.0,ALABR,10618780.0,YE-HD,ALABR,Al ‘Abr,Al `Abr,ADM2,15.938422,47.228796,,,,,,,,,
YEM307,22/03/2018,Wadi Abida,unclear,Marib,5,7,0,0,0,0,0,0,MARIB,-3189596.0,YE-MA,MARIB,Ma’rib,Ma'rib,ADM1,15.416667,45.35,,,,,,,,,,WADIABIDAH,10815506.0,YE-MA,WADIABIDAH,Wādī Abīdah,Wadi Abidah,WAD,15.458435,45.386388
YEM308,26/03/2018,unclear,unclear,Hadramawt,0,0,0,0,0,0,0,0,HADRAMAWT,-3187120.0,YE-HD,HADRAMAWT,Ḩaḑramawt,Hadramawt,ADM1,16.0,49.0,,,,,,,,,,,,,,,,,,
YEM309,29/03/2018,unclear,ASSAWMAH,ALBAYDA,3,4,0,3,0,0,0,2,ALBAYDA,-3182650.0,YE-BA,ALBAYDA,Al Bayḑā’,Al Bayda',ADM1,14.34166,45.394422,ASSAWMAH,10618529.0,YE-BA,ASSAWMAH,Aş Şawm‘ah,As Sawm`ah,ADM2,14.227711,45.831125,,,,,,,,,
YEM310,11/04/2018,unclear,unclear,Hadramawt,0,0,0,0,0,0,0,0,HADRAMAWT,-3187120.0,YE-HD,HADRAMAWT,Ḩaḑramawt,Hadramawt,ADM1,16.0,49.0,,,,,,,,,,,,,,,,,,
YEM311,23/04/2018,unclear,unclear,ALBAYDA,0,0,0,0,0,0,0,0,ALBAYDA,-3182650.0,YE-BA,ALBAYDA,Al Bayḑā’,Al Bayda',ADM1,14.34166,45.394422,,,,,,,,,,,,,,,,,,
YEM312,30/04/2018,unclear,unclear,unclear,0,0,0,0,0,0,0,0,,,,,,,,,,,,,,,,,,,,,,,,,,,
YEM313,14/05/2018,unclear,unclear,Shabwah,2,3,0,1,0,0,0,0,SHABWAH,-3191647.0,YE-SH,SHABWAH,Shabwah,Shabwah,ADM1,15.0,47.0,,,,,,,,,,,,,,,,,,
YEM314,23/06/2018,unclear,unclear,unclear,0,0,0,0,0,0,0,0,,,,,,,,,,,,,,,,,,,,,,,,,,,
YEM315,30/06/2018,unclear,unclear,unclear,0,0,0,0,0,0,0,0,,,,,,,,,,,,,,,,,,,,,,,,,,,
YEM316,22/07/2018,unclear,unclear,Hadramawt,0,0,0,0,0,0,0,0,HADRAMAWT,-3187120.0,YE-HD,HADRAMAWT,Ḩaḑramawt,Hadramawt,ADM1,16.0,49.0,,,,,,,,,,,,,,,,,,
YEM317,24/07/2018,unclear,unclear,Hadramawt,0,0,0,0,0,0,0,0,HADRAMAWT,-3187120.0,YE-HD,HADRAMAWT,Ḩaḑramawt,Hadramawt,ADM1,16.0,49.0,,,,,,,,,,,,,,,,,,
YEM318,14/08/2018,unclear,unclear,unclear,0,0,0,0,0,0,0,0,,,,,,,,,,,,,,,,,,,,,,,,,,,
YEM319,09/09/2018,unclear,Ahwar,Abyan,4,4,0,0,0,0,0,0,ABYAN,-3182060.0,YE-AB,ABYAN,Abyan,Abyan,ADM1,13.786202,46.141766,AHWAR,10618516.0,YE-AB,AHWAR,Aḩwar,Ahwar,ADM2,13.64209,46.755614,,,,,,,,,
YEM320,18/09/2018,unclear,unclear,ALBAYDA,0,0,0,0,0,0,0,0,ALBAYDA,-3182650.0,YE-BA,ALBAYDA,Al Bayḑā’,Al Bayda',ADM1,14.34166,45.394422,,,,,,,,,,,,,,,,,,
YEM321,25/11/2018,unclear,ALQURAYSHIYAH,ALBAYDA,5,8,0,0,0,0,0,0,ALBAYDA,-3182650.0,YE-BA,ALBAYDA,Al Bayḑā’,Al Bayda',ADM1,14.34166,45.394422,ALQURAYSHIYAH,10618653.0,YE-BA,ALQURAYSHIYAH,Al Qurayshīyah,Al Qurayshiyah,ADM2,14.485872,44.889627,,,,,,,,,
YEM322,01/01/2019,Unknown,unclear,Marib,1,1,0,0,0,0,0,0,MARIB,-3189596.0,YE-MA,MARIB,Ma’rib,Ma'rib,ADM1,15.416667,45.35,,,,,,,,,,,,,,,,,,
YEM323,31/03/2019,unclear,unclear,ALBAYDA,0,0,0,0,0,0,0,0,ALBAYDA,-3182650.0,YE-BA,ALBAYDA,Al Bayḑā’,Al Bayda',ADM1,14.34166,45.394422,,,,,,,,,,,,,,,,,,
YEM324,24/06/2019,unclear,Dhi Naim,ALBAYDA,0,5,0,0,0,0,0,0,ALBAYDA,-3182650.0,YE-BA,ALBAYDA,Al Bayḑā’,Al Bayda',ADM1,14.34166,45.394422,DHINAIM,10618558.0,YE-BA,DHINAIM,Dhī Nā‘im,Dhi Na`im,ADM2,14.108474,45.464202,,,,,,,,,
YEM325,02/01/2020,unclear,unclear,unclear,0,0,0,0,0,0,0,0,,,,,,,,,,,,,,,,,,,,,,,,,,,
YEM326,02/01/2020,Wadi Abedah,unclear,Marib,0,2,0,0,0,0,0,0,MARIB,-3189596.0,YE-MA,MARIB,Ma’rib,Ma'rib,ADM1,15.416667,45.35,,,,,,,,,,WADIABIDAH,10815506.0,YE-MA,WADIABIDAH,Wādī Abīdah,Wadi Abidah,WAD,15.458435,45.386388
