,matched_sort_Adm_2,Strike ID,Date,Minimum total people killed,Maximum total people killed,Minimum civilians reported killed,Maximum civilians reported killed,Minimum children reported killed,Maximum children reported killed,Minimum reported injured,Maximum reported injured,matched_sort_Adm_2_ufi,matched_sort_Adm_2_adm1,matched_sort_Adm_2_full_name,matched_sort_Adm_2_full_nm_nd,matched_sort_Adm_2_lat_dd,matched_sort_Adm_2_long_dd,reviewed,options
0,ABBAND,2,"['18/05/2016', '03/07/2016']","[1, 12]","[1, 12]","[0, 0]","[0, 0]","[0, 0]","[0, 0]","[0, 0]","[0, 0]",10536862,AF-GHA,Āb Band,Ab Band,32.88363,68.06357,,"[('ABBAND', 100, 172), ('PASABAND', 71, 310), ('JAWAND', 67, 295), ('AHMADABAD', 66, 21), ('GHAZIABAD', 66, 100)]"
1,ACHIN,89,"['10/03/2015', '04/06/2015', '06/07/2015', '06/07/2015', '07/07/2015', '07/07/2015', '10/07/2015', '12/07/2015', '23/10/2015', '23/10/2015', '23/10/2015', '27/10/2015', '04/11/2015', '08/01/2016', '09/01/2016', '14/01/2016', '19/01/2016', '19/01/2016', '22/01/2016', '23/01/2016', '23/01/2016', '24/01/2016', '25/01/2016', '01/02/2016', '02/02/2016', '05/02/2016', '08/02/2016', '22/02/2016', '28/02/2016', '05/03/2016', '26/03/2016', '07/04/2016', '14/04/2016', '19/04/2016', '20/04/2016', '22/05/2016', '26/05/2016', '14/06/2016', '15/06/2016', '18/06/2016', '03/07/2016', '08/07/2016', '09/07/2016', '11/07/2016', '13/07/2016', '13/07/2016', '14/07/2016', '16/07/2016', '19/07/2016', '20/07/2016', '23/07/2016', '23/07/2016', '26/07/2016', '27/07/2016', '13/08/2016', '28/09/2016', '04/10/2016', '08/10/2016', '30/10/2016', '09/11/2016', '11/11/2016', '12/11/2016', '20/11/2016', '15/12/2016', '24/12/2016', '27/12/2016', '20/01/2017', '27/01/2017', '01/02/2017', '03/02/2017', '08/02/2017', '20/02/2017', '04/04/2017', '13/04/2017', '15/04/2017', '03/06/2017', '01/07/2017', '16/08/2017', '21/08/2017', '28/08/2017', '20/10/2017', '04/11/2017', '13/11/2017', '29/11/2017', '02/12/2017', '03/12/2017', '05/12/2017', '11/01/2018', '27/02/2019']","[6, 1, 12, 13, 11, 18, 30, 12, 8, 3, 10, 11, 0, 17, 20, 12, 5, 5, 3, 3, 6, 4, 5, 21, 3, 16, 11, 22, 7, 15, 11, 4, 0, 5, 4, 9, 6, 10, 21, 23, 19, 16, 4, 4, 12, 26, 12, 6, 5, 15, 8, 0, 1, 6, 2, 18, 13, 0, 11, 11, 13, 13, 2, 2, 2, 3, 4, 7, 2, 21, 11, 12, 3, 36, 0, 1, 11, 45, 6, 14, 10, 15, 4, 8, 8, 8, 25, 8, 0]","[6, 1, 12, 37, 49, 18, 31, 12, 10, 3, 10, 12, 29, 20, 20, 12, 5, 5, 3, 3, 6, 4, 5, 29, 4, 16, 11, 25, 9, 15, 11, 4, 0, 5, 4, 9, 6, 10, 21, 27, 19, 16, 8, 4, 12, 26, 12, 6, 5, 15, 8, 0, 1, 6, 2, 21, 13, 0, 11, 14, 14, 13, 2, 2, 2, 3, 6, 7, 12, 21, 11, 12, 3, 100, 2, 1, 11, 54, 6, 14, 10, 15, 4, 8, 8, 8, 25, 13, 3]","[0, 0, 0, 0, 0, 0, 0, 0, 0, 0, 0, 0, 0, 0, 0, 0, 0, 0, 0, 0, 0, 0, 0, 0, 0, 0, 0, 0, 0, 0, 0, 0, 0, 0, 0, 0, 0, 0, 0, 0, 0, 0, 0, 0, 0, 0, 0, 0, 0, 0, 0, 0, 0, 0, 0, 15, 0, 0, 0, 0, 0, 0, 0, 0, 0, 0, 0, 0, 0, 0, 0, 0, 3, 0, 0, 0, 0, 0, 0, 0, 0, 0, 0, 0, 0, 0, 0, 0, 0]","[0, 0, 0, 0, 0, 0, 0, 0, 0, 0, 0, 1, 0, 0, 0, 0, 0, 0, 0, 0, 0, 0, 0, 0, 0, 0, 0, 0, 0, 0, 0, 0, 0, 0, 0, 0, 0, 0, 0, 0, 0, 0, 0, 0, 0, 0, 0, 0, 0, 0, 0, 0, 0, 0, 0, 15, 0, 0, 0, 0, 0, 0, 0, 0, 0, 0, 0, 0, 0, 0, 0, 0, 3, 0, 0, 0, 0, 0, 0, 0, 0, 0, 0, 0, 0, 0, 0, 0, 0]","[0, 0, 0, 0, 0, 0, 0, 0, 0, 0, 0, 0, 0, 0, 0, 0, 0, 0, 0, 0, 0, 0, 0, 0, 0, 0, 0, 0, 0, 0, 0, 0, 0, 0, 0, 0, 0, 0, 0, 0, 0, 0, 0, 0, 0, 0, 0, 0, 0, 0, 0, 0, 0, 0, 0, 0, 0, 0, 0, 0, 0, 0, 0, 0, 0, 0, 0, 0, 0, 0, 0, 0, 2, 0, 0, 0, 0, 0, 0, 0, 0, 0, 0, 0, 0, 0, 0, 0, 0]","[0, 0, 0, 0, 0, 0, 0, 0, 0, 0, 0, 0, 0, 0, 0, 0, 0, 0, 0, 0, 0, 0, 0, 0, 0, 0, 0, 0, 0, 0, 0, 0, 0, 0, 0, 0, 0, 0, 0, 0, 0, 0, 0, 0, 0, 0, 0, 0, 0, 0, 0, 0, 0, 0, 0, 0, 0, 0, 0, 0, 0, 0, 0, 0, 0, 0, 0, 0, 0, 0, 0, 0, 2, 0, 0, 0, 0, 0, 0, 0, 0, 0, 0, 0, 0, 0, 0, 0, 0]","[0, 0, 0, 0, 0, 0, 0, 0, 0, 0, 0, 0, 0, 2, 2, 0, 0, 0, 0, 0, 0, 0, 0, 0, 0, 0, 2, 0, 0, 0, 0, 0, 0, 0, 0, 0, 0, 0, 0, 0, 0, 0, 0, 0, 0, 0, 2, 0, 0, 0, 0, 0, 0, 3, 0, 13, 2, 0, 0, 0, 0, 0, 0, 0, 0, 0, 0, 0, 0, 6, 6, 0, 4, 0, 0, 0, 0, 0, 0, 0, 0, 0, 0, 0, 0, 0, 0, 0, 0]","[0, 0, 0, 0, 4, 0, 0, 0, 0, 0, 0, 0, 0, 2, 2, 0, 0, 0, 0, 0, 0, 0, 0, 0, 0, 0, 2, 0, 0, 0, 0, 0, 0, 0, 0, 0, 0, 0, 0, 0, 0, 0, 0, 0, 0, 0, 2, 0, 0, 0, 0, 0, 0, 3, 0, 27, 2, 0, 0, 0, 0, 0, 0, 0, 0, 0, 0, 0, 0, 6, 6, 0, 4, 0, 0, 0, 0, 0, 0, 0, 0, 0, 0, 0, 0, 0, 0, 0, 0]",9092805,AF-NAN,Achīn,Achin,34.060201,70.665031,ACHEEN,"[('NAHRIN', 73, 81), ('ACHEEN', 73, 385), ('PACHIERAGAM', 72, 5), ('GUZARGAHINUR', 72, 56), ('KHWAJAHIJRANJILGANAHRIN', 72, 71)]"
2,AHMADABAD,1,['11/10/2017'],[4],[4],[0],[0],[0],[0],[3],[3],10537907,AF-PIA,Aḩmadābād,Ahmadabad,33.773795,69.339813,,"[('AHMADABAD', 100, 21), ('ASADABAD', 82, 77), ('SAYDABAD', 71, 344), ('KHANABAD', 71, 349), ('DARA', 68, 109)]"
3,ALISHENG,1,['29/12/2015'],[2],[2],[0],[0],[0],[0],[0],[0],-3368393,AF-LAG,‘Alīsheng,`Alisheng,34.825481,70.084213,,"[('ALISHING', 88, 329), ('ALINGAR', 67, 221), ('MALISTAN', 62, 358), ('SALANG', 57, 139), ('WASHER', 57, 307)]"
4,ANDAR,4,"['30/01/2018', '22/02/2019', '12/03/2019', '06/10/2019']","[26, 0, 7, 4]","[26, 10, 7, 4]","[0, 0, 0, 1]","[0, 0, 7, 1]","[0, 0, 0, 1]","[0, 0, 0, 1]","[20, 0, 0, 0]","[22, 0, 0, 0]",10536865,AF-GHA,Andaṟ,Andar,33.305843,68.446963,,"[('ANDAR', 100, 177), ('QALANDAR', 90, 42), ('ANDARAB', 83, 84), ('ANARDARA', 77, 27), ('KANDAHAR', 77, 140)]"
5,ARGHANDAB,1,['22/01/2016'],[3],[3],[0],[0],[0],[0],[0],[0],10537273,AF-ZAB,Arghandāb,Arghandab,32.511956,66.987372,,"[('ARGHANDAB', 100, 150), ('ARGHANDAB', 100, 366), ('DUAB', 77, 317), ('ANDAR', 72, 177), ('ARGHANJKHAW', 70, 280)]"
6,AZRAH,3,"['11/06/2016', '28/11/2017', '07/08/2018']","[11, 7, 9]","[11, 7, 14]","[0, 0, 0]","[3, 0, 0]","[0, 0, 0]","[0, 0, 0]","[0, 0, 0]","[0, 0, 15]",10537173,AF-LOG,Azrah,Azrah,34.109043,69.624499,,"[('AZRA', 89, 12), ('FARAH', 80, 41), ('GUZARGAHINUR', 72, 56), ('LASHKARGAH', 72, 107), ('WAZAKHWA', 72, 147)]"
7,BAGRAM,1,['11/12/2019'],[0],[0],[0],[0],[0],[0],[0],[0],10537968,AF-PAR,Bagrām,Bagram,34.923949,69.330693,,"[('BAGRAM', 100, 148), ('BAGRAMI', 92, 297), ('BAGHRAN', 77, 123), ('BAHRAMISHAHIDJAGHATU', 75, 202), ('AZRA', 68, 12)]"
8,BAKWAH,1,['20/04/2018'],[0],[0],[0],[0],[0],[0],[0],[0],10536781,AF-FRA,Bakwāh,Bakwah,32.214779,62.880928,,"[('BAKWA', 91, 52), ('BAK', 90, 34), ('BALKH', 73, 194), ('NAWA', 68, 161), ('BALKHAB', 62, 235)]"
9,BALCHIRAGH,1,['05/04/2018'],[2],[2],[0],[0],[0],[0],[0],[0],10536794,AF-FYB,Bal Chirāgh,Bal Chiragh,35.88083,65.453377,,"[('BILCHIRAGH', 90, 244), ('BALKH', 72, 194), ('CHORA', 72, 321), ('HIRAT', 72, 324), ('PACHIERAGAM', 67, 5)]"
10,BARAKIBARAK,3,"['31/05/2015', '20/07/2015', '02/08/2015']","[2, 7, 4]","[3, 10, 4]","[0, 0, 0]","[3, 0, 0]","[0, 0, 0]","[2, 0, 0]","[0, 5, 0]","[0, 6, 0]",10537174,AF-LOG,Barakī Barak,Baraki Barak,33.929914,68.885233,,"[('BARAKIBARAK', 100, 62), ('AZRA', 68, 12), ('DARA', 68, 109), ('BAZARAK', 67, 106), ('BAHARAK', 67, 286)]"
11,BATIKOT,7,"['14/05/2015', '21/06/2015', '07/07/2015', '19/12/2015', '24/12/2016', '14/07/2017', '10/10/2017']","[4, 6, 4, 3, 1, 8, 2]","[4, 7, 4, 3, 1, 8, 2]","[0, 0, 0, 0, 0, 0, 0]","[0, 0, 0, 0, 0, 0, 0]","[0, 0, 0, 0, 0, 0, 0]","[0, 0, 0, 0, 0, 0, 0]","[1, 0, 2, 2, 4, 0, 0]","[1, 0, 2, 2, 4, 0, 0]",10537181,AF-NAN,Batī Kōṯ,Bati Kot,34.289385,70.756531,,"[('BATIKOT', 100, 365), ('KOT', 90, 388), ('TIRINKOT', 67, 193), ('SHAHWALIKOT', 64, 146), ('BAK', 60, 34)]"
12,BERMAL,10,"['11/07/2015', '08/01/2016', '10/01/2016', '10/01/2016', '04/02/2016', '24/09/2016', '25/09/2016', '20/01/2018', '27/01/2018', '22/02/2018']","[3, 0, 0, 0, 10, 0, 0, 14, 1, 1]","[3, 0, 0, 0, 15, 0, 0, 14, 1, 1]","[0, 0, 0, 0, 0, 0, 0, 0, 0, 0]","[0, 0, 0, 0, 0, 0, 0, 0, 0, 0]","[0, 0, 0, 0, 0, 0, 0, 0, 0, 0]","[0, 0, 0, 0, 0, 0, 0, 0, 0, 0]","[0, 0, 0, 0, 0, 0, 0, 0, 0, 0]","[0, 0, 0, 0, 0, 0, 0, 0, 0, 0]",10537704,AF-PKA,Bêrmal,Bermal,32.71433,69.275053,,"[('BARMAL', 83, 125), ('BARGIMATAL', 62, 314), ('OBE', 60, 22), ('BURKA', 55, 66), ('GOMAL', 55, 151)]"
13,CHAHARDARAH,6,"['09/05/2016', '25/06/2016', '27/06/2016', '26/05/2017', '04/11/2017', '19/07/2018']","[12, 7, 4, 4, 10, 14]","[12, 16, 16, 13, 80, 14]","[0, 0, 0, 0, 10, 14]","[0, 15, 0, 0, 55, 14]","[0, 0, 0, 0, 0, 7]","[0, 0, 0, 0, 0, 7]","[0, 0, 0, 0, 0, 1]","[0, 0, 0, 0, 10, 2]",10537242,AF-KDZ,Chahār Darah,Chahar Darah,36.654405,68.567288,,"[('CHAHARDARA', 95, 51), ('DARA', 90, 109), ('CHAPADARA', 80, 75), ('SHAHADA', 77, 283), ('CHAHARIKAR', 76, 153)]"
14,CHAKEWARDAK,2,"['15/06/2015', '17/08/2015']","[2, 2]","[2, 3]","[2, 0]","[2, 0]","[0, 0]","[0, 0]","[0, 0]","[0, 0]",10537264,AF-WAR,Chak-e Wardak,Chak-e Wardak,34.108224,68.490564,,"[('CHAKIWARDAK', 91, 341), ('BAKWA', 72, 52), ('WARAS', 72, 263), ('AZRA', 68, 12), ('DARA', 68, 109)]"
15,CHAPAHDARAH,6,"['07/06/2015', '04/07/2015', '03/12/2015', '05/08/2017', '16/02/2018', '28/03/2018']","[1, 1, 3, 3, 7, 6]","[1, 1, 3, 3, 7, 6]","[0, 0, 0, 0, 0, 0]","[0, 0, 0, 0, 0, 0]","[0, 0, 0, 0, 0, 0]","[0, 0, 0, 0, 0, 0]","[0, 0, 0, 0, 0, 0]","[0, 0, 0, 0, 0, 0]",10537888,AF-KNR,Chapah Darah,Chapah Darah,34.959001,70.703226,,"[('CHAPADARA', 90, 75), ('DARA', 90, 109), ('CHAPARHAR', 80, 3), ('CHAHARDARA', 76, 51), ('FARAH', 72, 41)]"
16,CHAPARHAR,8,"['04/06/2015', '04/06/2015', '05/07/2015', '30/04/2016', '28/12/2016', '27/02/2017', '28/05/2018', '01/07/2018']","[6, 11, 3, 38, 3, 2, 11, 2]","[6, 11, 3, 38, 3, 2, 11, 2]","[0, 0, 0, 0, 0, 0, 0, 0]","[1, 0, 0, 0, 0, 0, 0, 0]","[0, 0, 0, 0, 0, 0, 0, 0]","[0, 0, 0, 0, 0, 0, 0, 0]","[0, 0, 0, 0, 7, 3, 0, 0]","[0, 0, 0, 0, 7, 3, 0, 0]",10537183,AF-NAN,Chaparhār,Chaparhar,34.290801,70.373343,,"[('CHAPARHAR', 100, 3), ('CHAPADARA', 78, 75), ('CHAHARDARA', 74, 51), ('CHAHARIKAR', 74, 153), ('AZRA', 68, 12)]"
17,CHARKH,1,['25/04/2017'],[2],[2],[0],[0],[0],[0],[5],[5],10537175,AF-LOG,Charkh,Charkh,33.815939,68.91962,,"[('CHARKH', 100, 64), ('CHAKHANSUR', 75, 83), ('SANGCHARAK', 75, 240), ('CHAL', 68, 340), ('CHAPARHAR', 67, 3)]"
18,CHIMTAL,1,['10/02/2019'],[0],[7],[0],[0],[0],[0],[0],[0],10537726,AF-BAL,Chimtāl,Chimtal,36.517837,66.600869,,"[('CHIMTAL', 100, 201), ('CHAL', 73, 340), ('SHAYGALWASHITAL', 69, 86), ('SHAMAL', 62, 53), ('BARGIMATAL', 59, 314)]"
19,CHORAH,1,['28/05/2018'],[10],[10],[0],[0],[0],[0],[0],[0],10537963,AF-URU,Chōrah,Chorah,32.930052,66.262706,,"[('CHORA', 91, 321), ('GHORMACH', 71, 288), ('CHARKH', 67, 64), ('GHORAK', 67, 154), ('CHAHAB', 67, 379)]"
20,DANGAM,1,['14/06/2015'],[7],[15],[0],[5],[0],[5],[0],[0],10537890,AF-KNR,Dāngām,Dangam,35.002093,71.437221,,"[('DANGAM', 100, 95), ('KANG', 68, 73), ('BAGRAM', 67, 148), ('MOHAMMADAGHA', 66, 57), ('ALINGAR', 62, 221)]"
21,DARAHYEPECH,1,['10/08/2017'],[4],[4],[0],[0],[0],[0],[0],[0],10537891,AF-KNR,Darah-ye Pēch,Darah-ye Pech,34.953068,70.916381,DARAIPECH,"[('DARA', 90, 109), ('DARAIPECH', 80, 89), ('FARAH', 72, 41), ('AZRA', 68, 12), ('DARAYIM', 64, 301)]"
22,DARZAB,1,['16/03/2018'],[35],[37],[0],[0],[0],[0],[12],[12],10537740,AF-JOW,Darzāb,Darzab,36.004388,65.372786,,"[('DARZAB', 100, 209), ('DARA', 80, 109), ('ANDARAB', 77, 84), ('FARZA', 73, 276), ('CHAPADARA', 72, 75)]"
23,DASHTEARCHI,5,"['18/06/2016', '29/06/2016', '26/02/2017', '17/04/2017', '30/05/2017']","[8, 10, 5, 9, 7]","[8, 10, 9, 16, 7]","[0, 0, 0, 0, 0]","[0, 0, 0, 0, 0]","[0, 0, 0, 0, 0]","[0, 0, 0, 0, 0]","[0, 0, 0, 0, 0]","[0, 0, 0, 0, 0]",10537241,AF-KDZ,Dasht-e Archī,Dasht-e Archi,36.963604,69.157287,,"[('DASHTEARCHI', 100, 389), ('DAULATSHAHI', 64, 326), ('SHARAN', 60, 122), ('SAGHAR', 60, 188), ('SHIBAR', 60, 253)]"
24,DAYMIRDAD,1,['17/08/2015'],[4],[5],[0],[0],[0],[0],[0],[0],10537265,AF-WAR,Dāymīrdād,Daymirdad,34.21865,68.305428,,"[('DAYMIRDAD', 100, 311), ('DARQAD', 67, 384), ('DARA', 62, 109), ('DIHDADI', 62, 191), ('RODAT', 60, 390)]"
25,DEHBALA,6,"['08/07/2015', '16/01/2016', '24/01/2016', '29/05/2016', '31/08/2016', '30/12/2017']","[25, 17, 13, 2, 17, 3]","[52, 17, 13, 2, 17, 3]","[0, 0, 0, 0, 0, 0]","[0, 0, 0, 0, 0, 0]","[0, 0, 0, 0, 0, 0]","[0, 0, 0, 0, 0, 0]","[0, 0, 0, 0, 0, 0]","[0, 0, 0, 0, 0, 0]",10537185,AF-NAN,Deh Bālā,Deh Bala,34.088452,70.443818,,"[('DEHBALA', 100, 0), ('CHAL', 68, 340), ('DIHSALAH', 67, 69), ('TAGABKISHMIBALA', 64, 312), ('BAK', 60, 34)]"
26,DEHYAK,1,['15/12/2015'],[9],[9],[0],[0],[0],[0],[0],[0],10536867,AF-GHA,Deh Yak,Deh Yak,33.474928,68.652766,,"[('DIHYAK', 83, 180), ('DEHBALA', 62, 0), ('BAK', 60, 34), ('YAHYAKHEL', 60, 134), ('AYBAK', 55, 213)]"
27,FAIZABAD,2,"['24/05/2018', '25/02/2019']","[0, 0]","[0, 3]","[0, 0]","[0, 0]","[0, 0]","[0, 0]","[0, 0]","[0, 0]",10537741,AF-JOW,Faīẕābād,Faizabad,36.704519,66.32969,,"[('FAYZABAD', 88, 195), ('FAYZABAD', 88, 277), ('ALIABAD', 80, 352), ('GIZAB', 72, 260), ('FARZA', 72, 276)]"
28,FARAH,2,"['17/10/2016', '15/05/2018']","[70, 28]","[70, 28]","[0, 0]","[0, 0]","[0, 0]","[0, 0]","[30, 0]","[30, 0]",10536783,AF-FRA,Farāh,Farah,32.244527,62.228784,,"[('FARAH', 100, 41), ('FARZA', 80, 276), ('GUZARGAHINUR', 72, 56), ('FARANGWAGHARU', 72, 59), ('LASHKARGAH', 72, 107)]"
29,GARMSER,6,"['06/09/2015', '06/02/2017', '23/02/2017', '18/05/2017', '18/05/2017', '27/11/2018']","[11, 6, 11, 14, 9, 23]","[31, 6, 11, 14, 9, 23]","[0, 0, 0, 0, 0, 23]","[0, 0, 0, 0, 0, 23]","[0, 0, 0, 0, 0, 10]","[0, 0, 0, 0, 0, 10]","[4, 0, 0, 8, 0, 3]","[4, 0, 0, 8, 0, 3]",10536932,AF-HEL,Garm Sēr,Garm Ser,30.25,64.166667,,"[('GARMSER', 100, 96), ('WASHER', 62, 307), ('NURGARAM', 53, 218), ('NAHRISARRAJ', 51, 105), ('MAZARISHARIF', 51, 176)]"
30,GELAN,2,"['13/03/2017', '07/08/2017']","[3, 2]","[3, 7]","[0, 0]","[0, 0]","[0, 0]","[0, 0]","[0, 0]","[0, 4]",-3376454,AF-GHA,Gēlān,Gelan,32.713384,67.654553,,"[('GELAN', 100, 165), ('GULRAN', 73, 1), ('BAGHLANIJADID', 72, 74), ('GULISTAN', 62, 45), ('GAYAN', 60, 111)]"
31,GHAZIABAD,6,"['18/06/2015', '08/09/2015', '29/10/2015', '28/10/2016', '31/10/2016', '21/09/2017']","[0, 2, 3, 5, 9, 7]","[0, 2, 3, 5, 9, 7]","[0, 0, 0, 0, 0, 0]","[0, 0, 0, 0, 0, 0]","[0, 0, 0, 0, 0, 0]","[0, 0, 0, 0, 0, 0]","[0, 0, 0, 0, 0, 0]","[0, 0, 0, 0, 0, 0]",10537892,AF-KNR,Ghāzīābād,Ghaziabad,35.233837,71.33074,,"[('GHAZIABAD', 100, 100), ('GHAZNI', 75, 187), ('ALIABAD', 75, 352), ('FAYZABAD', 71, 195), ('FAYZABAD', 71, 277)]"
32,GHAZNI,2,"['10/08/2018', '13/08/2018']","[0, 220]","[0, 220]","[0, 0]","[0, 0]","[0, 0]","[0, 0]","[0, 0]","[0, 0]",10536869,AF-GHA,Ghaznī,Ghazni,33.534233,68.436669,,"[('GHAZNI', 100, 187), ('BAGHLANIJADID', 75, 74), ('GHAZIABAD', 75, 100), ('SHIBIRGHAN', 72, 203), ('TANI', 68, 50)]"
33,GIYAN,2,"['03/01/2015', '02/06/2016']","[18, 10]","[18, 10]","[0, 0]","[0, 0]","[0, 0]","[0, 0]","[0, 0]","[0, 0]",10537706,AF-PKA,Giyān,Giyan,32.975159,69.399302,,"[('GAYAN', 80, 111), ('KHOGAYANI', 72, 7), ('MIYANISHIN', 72, 346), ('GHORYAN', 67, 9), ('GULISTAN', 62, 45)]"
34,GOMAL,6,"['10/09/2015', '11/02/2016', '17/02/2016', '18/02/2016', '26/02/2016', '07/04/2016']","[5, 13, 6, 6, 3, 14]","[15, 18, 6, 6, 3, 21]","[0, 0, 0, 0, 0, 14]","[0, 0, 0, 0, 0, 21]","[0, 0, 0, 0, 0, 0]","[0, 0, 0, 0, 0, 0]","[0, 0, 0, 0, 0, 0]","[0, 0, 0, 0, 0, 0]",10537707,AF-PKA,Gōmal,Gomal,32.38889,68.946651,,"[('GOMAL', 100, 151), ('OMNA', 67, 130), ('GHORMACH', 62, 288), ('SOZMAQALA', 57, 243), ('SHAMAL', 55, 53)]"
35,HISARAK,5,"['11/06/2016', '11/06/2016', '22/09/2016', '28/02/2019', '09/03/2019']","[6, 6, 18, 0, 12]","[6, 6, 18, 0, 12]","[0, 0, 0, 0, 12]","[0, 0, 0, 0, 12]","[0, 0, 0, 0, 9]","[0, 0, 0, 0, 9]","[0, 0, 6, 0, 0]","[0, 0, 6, 0, 0]",10537198,AF-NAN,Ḩişārak,Hisarak,34.279479,69.768717,,"[('HESARAK', 86, 10), ('BAHARAK', 71, 286), ('SHAHRAK', 71, 302), ('BAHARAK', 71, 332), ('AZRA', 68, 12)]"
36,IMAMSAHIB,2,"['21/06/2016', '12/06/2019']","[5, 6]","[5, 6]","[0, 0]","[0, 0]","[0, 0]","[0, 0]","[0, 8]","[0, 8]",10537243,AF-KDZ,Imām Şāḩib,Imam Sahib,37.108411,68.853708,,"[('IMAMSAHIB', 100, 391), ('WAMA', 68, 214), ('KAMA', 68, 368), ('SHIBAR', 66, 253), ('WALIMUHAMMADISHAHID', 60, 196)]"
37,JAGHURI,1,['25/02/2019'],[0],[30],[0],[0],[0],[0],[0],[4],10536871,AF-GHA,Jāghūrī,Jaghuri,33.143405,67.463836,,"[('JAGHURI', 100, 356), ('DAHANAIGHURI', 77, 91), ('JAGHATU', 71, 350), ('KHWAJAUMARI', 64, 190), ('BAHRAMISHAHIDJAGHATU', 64, 202)]"
38,JAJI,1,['16/10/2017'],[0],[0],[0],[0],[0],[0],[0],[0],10537911,AF-PIA,Jājī,Jaji,33.977646,69.672758,,"[('ALIKHAILJAJI', 90, 15), ('JAJIMAIDAN', 90, 33), ('JANIKHAIL', 68, 23), ('KHWAJAHIJRANJILGANAHRIN', 68, 71), ('BAGHLANIJADID', 68, 74)]"
39,JANIKHEL,1,['29/08/2016'],[8],[120],[0],[0],[0],[0],[0],[0],10537912,AF-PIA,Jānī Khēl,Jani Khel,33.655357,69.786578,,"[('JANIKHEL', 100, 142), ('JANIKHAIL', 82, 23), ('NIRKH', 72, 339), ('TANI', 68, 50), ('NIKA', 68, 108)]"
40,KABUL,1,['27/09/2017'],[0],[4],[0],[0],[0],[0],[5],[11],10536972,AF-KAB,Kābul,Kabul,34.519535,69.154134,,"[('KABUL', 100, 294), ('BALABULUK', 72, 43), ('KUFAB', 60, 257), ('KHULM', 60, 393), ('KARUKH', 55, 14)]"
41,KAJAKI,1,['08/02/2015'],[6],[8],[0],[0],[0],[0],[0],[0],10536940,AF-HEL,Kajakī,Kajaki,32.48418,65.038714,,"[('KAJAKI', 100, 113), ('KAMA', 68, 368), ('KAJRAN', 67, 318), ('KALAKAN', 62, 281), ('KHAKISAFED', 60, 30)]"
42,KHAKESAFED,2,"['10/09/2016', '04/11/2016']","[4, 5]","[4, 5]","[0, 0]","[0, 0]","[0, 0]","[0, 0]","[0, 0]","[0, 0]",10536785,AF-FRA,Khāk-e Safēd,Khak-e Safed,32.756496,62.07207,,"[('KHAKISAFED', 90, 30), ('BAK', 60, 34), ('KHAKREZ', 59, 160), ('KHASHROD', 56, 87), ('KOHISAFI', 56, 144)]"
43,KHAKREZ,2,"['08/01/2016', '17/03/2018']","[0, 13]","[0, 13]","[0, 0]","[0, 0]","[0, 0]","[0, 0]","[0, 0]","[0, 0]",10537222,AF-KAN,Khākrēz,Khakrez,32.010754,65.503351,,"[('KHAKREZ', 100, 160), ('KAKAR', 67, 364), ('KHASKUNAR', 62, 67), ('JALREZ', 62, 303), ('KHADIR', 62, 313)]"
44,KHANABAD,1,['11/07/2017'],[5],[5],[0],[0],[0],[0],[1],[1],10537244,AF-KDZ,Khānābād,Khanabad,36.603113,69.104049,,"[('KHANABAD', 100, 349), ('UNABA', 72, 115), ('AHMADABAD', 71, 21), ('GHAZIABAD', 71, 100), ('KHAMAB', 71, 396)]"
45,KHARWAR,1,['19/10/2015'],[0],[20],[0],[0],[0],[0],[0],[0],10537176,AF-LOG,Kharwār,Kharwar,33.694954,68.892803,,"[('KHARWAR', 100, 65), ('AZRA', 68, 12), ('DARA', 68, 109), ('NAWA', 68, 161), ('MARAWARA', 67, 82)]"
46,KHASKUNAR,2,"['10/02/2015', '07/05/2015']","[2, 6]","[2, 7]","[0, 0]","[0, 1]","[0, 0]","[0, 1]","[0, 0]","[0, 0]",10537893,AF-KNR,Khāş Kunaṟ,Khas Kunar,34.612865,70.938538,,"[('KHASKUNAR', 100, 67), ('NARI', 77, 103), ('KHASH', 72, 293), ('BARKUNAR', 71, 97), ('KAKAR', 71, 364)]"
47,KHASURUZGAN,1,['29/06/2017'],[2],[4],[0],[0],[0],[0],[0],[3],10537965,AF-URU,Khāş Uruzgān,Khas Uruzgan,32.996739,66.693591,,"[('KHASURUZGAN', 100, 362), ('KHASH', 72, 293), ('QURGHAN', 64, 229), ('GURBUZ', 60, 47), ('KHASKUNAR', 60, 67)]"
48,KHUGYANI,12,"['19/01/2015', '18/02/2015', '14/11/2015', '08/12/2015', '03/07/2016', '14/07/2016', '01/12/2017', '25/08/2018', '02/02/2019', '07/02/2019', '10/02/2019', '19/09/2019']","[0, 8, 12, 11, 11, 4, 4, 10, 0, 0, 0, 8]","[0, 8, 13, 11, 11, 4, 4, 11, 5, 2, 2, 30]","[0, 0, 0, 0, 0, 0, 0, 0, 0, 0, 0, 8]","[0, 0, 0, 0, 0, 0, 0, 0, 0, 0, 0, 30]","[0, 0, 0, 0, 0, 0, 0, 0, 0, 0, 0, 0]","[0, 0, 0, 0, 0, 0, 0, 0, 0, 0, 0, 0]","[0, 0, 0, 0, 3, 3, 8, 0, 0, 0, 0, 0]","[0, 0, 0, 0, 5, 3, 8, 0, 0, 0, 0, 40]",10537201,AF-NAN,Khūgyāṉī,Khugyani,34.231504,70.149404,,"[('KHOGAYANI', 82, 7), ('GAYAN', 72, 111), ('TANI', 68, 50), ('KHANIQA', 67, 212), ('KHASURUZGAN', 63, 362)]"
49,KISHIM,1,['24/05/2018'],[0],[0],[0],[0],[0],[0],[0],[0],10536113,AF-BDS,Kishim,Kishim,36.772206,70.132549,,"[('KISHIM', 100, 308), ('KISHINDIH', 75, 204), ('TAGABKISHMIBALA', 75, 312), ('KHOSHI', 67, 58), ('ISHKASHIEM', 62, 237)]"
50,KOT,13,"['21/03/2016', '22/03/2016', '22/03/2016', '05/04/2016', '26/05/2016', '22/06/2016', '26/06/2016', '05/07/2016', '09/07/2016', '22/08/2016', '22/09/2016', '18/11/2016', '08/06/2017']","[8, 2, 5, 6, 2, 4, 30, 12, 0, 4, 7, 7, 10]","[8, 8, 5, 6, 2, 4, 30, 12, 0, 4, 7, 7, 10]","[0, 0, 0, 0, 0, 0, 0, 0, 0, 0, 0, 0, 0]","[0, 0, 0, 0, 0, 0, 0, 0, 0, 0, 0, 0, 0]","[0, 0, 0, 0, 0, 0, 0, 0, 0, 0, 0, 0, 0]","[0, 0, 0, 0, 0, 0, 0, 0, 0, 0, 0, 0, 0]","[0, 0, 0, 0, 0, 0, 0, 0, 0, 0, 0, 0, 0]","[0, 0, 0, 0, 0, 0, 0, 0, 0, 0, 0, 0, 0]",10537202,AF-NAN,Kōṯ,Kot,34.153184,70.595336,,"[('KOT', 100, 388), ('NADIRSHAHKOT', 90, 44), ('SHAHWALIKOT', 90, 146), ('TIRINKOT', 90, 193), ('PASHTUNKOT', 90, 248)]"
51,KUNDUZ,15,"['29/09/2015', '29/09/2015', '30/09/2015', '30/09/2015', '30/09/2015', '30/09/2015', '02/10/2015', '02/10/2015', '03/10/2015', '05/10/2015', '22/05/2016', '28/06/2016', '03/10/2016', '03/11/2016', '08/03/2019']","[0, 0, 0, 0, 0, 3, 0, 0, 42, 0, 13, 14, 0, 58, 0]","[0, 0, 24, 0, 0, 3, 0, 0, 42, 0, 13, 14, 0, 59, 1]","[0, 0, 0, 0, 0, 0, 0, 0, 42, 0, 0, 0, 0, 32, 0]","[0, 0, 0, 0, 0, 0, 0, 0, 42, 0, 0, 0, 0, 33, 1]","[0, 0, 0, 0, 0, 0, 0, 0, 3, 0, 0, 0, 0, 20, 0]","[0, 0, 0, 0, 0, 0, 0, 0, 3, 0, 0, 0, 0, 20, 0]","[0, 0, 0, 0, 0, 0, 0, 0, 27, 0, 0, 8, 0, 53, 0]","[0, 0, 0, 0, 0, 0, 0, 0, 27, 0, 0, 8, 0, 62, 0]",10537245,AF-KDZ,Kunduz,Kunduz,36.796657,68.858742,,"[('KUNDUZ', 100, 54), ('DUAB', 51, 317), ('GURBUZ', 50, 47), ('KHASKUNAR', 50, 67), ('KHASURUZGAN', 47, 362)]"
52,LALPUR,14,"['08/01/2015', '11/01/2015', '17/01/2015', '13/03/2015', '09/05/2015', '08/06/2015', '08/06/2015', '30/06/2015', '26/07/2015', '13/09/2015', '29/10/2015', '23/06/2016', '30/08/2016', '01/03/2017']","[6, 8, 0, 0, 13, 7, 3, 4, 5, 4, 4, 7, 6, 6]","[6, 8, 0, 0, 13, 7, 3, 14, 6, 5, 4, 7, 6, 6]","[0, 0, 0, 0, 0, 0, 0, 0, 0, 0, 0, 0, 0, 0]","[0, 0, 0, 0, 0, 5, 0, 0, 0, 0, 0, 0, 0, 0]","[0, 0, 0, 0, 0, 0, 0, 0, 0, 0, 0, 0, 0, 0]","[0, 0, 0, 0, 0, 5, 0, 0, 0, 0, 0, 0, 0, 0]","[3, 3, 0, 0, 0, 0, 0, 12, 0, 2, 2, 3, 3, 1]","[3, 3, 0, 0, 0, 0, 0, 12, 0, 2, 2, 3, 3, 1]",10537204,AF-NAN,La‘lpūr,La`lpur,34.333393,71.024591,,"[('LALPOR', 83, 361), ('WATAPUR', 62, 92), ('BALAMURGHAB', 60, 291), ('ALMAR', 55, 249), ('NAWUR', 55, 353)]"
53,MAIDANSHAHR,1,['06/05/2017'],[5],[6],[0],[0],[0],[0],[6],[6],10537269,AF-WAR,Maīdān Shahr,Maidan Shahr,34.443944,68.824676,,"[('MAYDANSHAHR', 91, 300), ('SHAHRAK', 75, 302), ('NESH', 68, 178), ('SHARAN', 66, 122), ('MARDYAN', 64, 230)]"
54,MAYWAND,4,"['06/09/2015', '15/07/2016', '19/10/2017', '15/06/2019']","[0, 30, 0, 0]","[0, 30, 0, 10]","[0, 0, 0, 0]","[0, 0, 0, 0]","[0, 0, 0, 0]","[0, 0, 0, 0]","[0, 2, 0, 0]","[0, 2, 0, 6]",10537224,AF-KAN,Maywand,Maywand,31.58363,64.993325,,"[('MAYWAND', 100, 152), ('JAWAND', 77, 295), ('MARDYAN', 71, 230), ('MAYMANA', 71, 241), ('NAWA', 68, 161)]"
55,MOHMANDDARAH,4,"['03/05/2015', '04/05/2015', '19/06/2015', '24/11/2015']","[12, 17, 8, 2]","[12, 17, 8, 2]","[0, 0, 0, 0]","[0, 0, 0, 0]","[0, 0, 0, 0]","[0, 0, 0, 0]","[0, 0, 0, 0]","[0, 0, 0, 0]",10537205,AF-NAN,Mohmand Darah,Mohmand Darah,34.204757,70.984181,,"[('DARA', 90, 109), ('MUHMANDDARA', 87, 363), ('ANDARAB', 77, 84), ('FARAH', 72, 41), ('ANDAR', 72, 177)]"
56,MUQUR,1,['09/05/2018'],[6],[6],[0],[0],[0],[0],[0],[0],10536631,AF-BDG,Muqur,Muqur,35.170057,63.105087,,"[('MUQUR', 100, 166), ('MUQUR', 100, 168), ('MUSAQALA', 54, 119), ('MAHMUDIRAQI', 54, 128), ('BALAMURGHAB', 54, 291)]"
57,MUSAKHEL,1,['04/08/2017'],[50],[50],[0],[0],[0],[0],[3],[3],10537946,AF-KHO,Mūsá Khēl,Musa Khel,33.583857,69.681859,,"[('SAYDKHEL', 75, 149), ('MOSAKHAIL', 71, 40), ('MUSAQALA', 62, 119), ('JANIKHEL', 62, 142), ('BAK', 60, 34)]"
58,MUSAQALAH,9,"['23/08/2015', '27/08/2015', '30/08/2015', '01/09/2015', '15/01/2017', '01/12/2017', '04/12/2017', '24/05/2018', '22/09/2019']","[40, 0, 0, 0, 15, 5, 6, 50, 2]","[40, 0, 0, 0, 15, 5, 6, 50, 62]","[0, 0, 0, 0, 0, 0, 0, 0, 2]","[0, 0, 0, 0, 0, 0, 0, 0, 40]","[0, 0, 0, 0, 0, 0, 0, 0, 0]","[0, 0, 0, 0, 0, 0, 0, 0, 0]","[0, 0, 0, 0, 10, 0, 0, 0, 0]","[0, 0, 0, 0, 10, 0, 0, 0, 0]",10536942,AF-HEL,Mūsá Qal‘ah,Musa Qal`ah,32.469052,64.736318,,"[('MUSAQALA', 94, 119), ('QALAT', 72, 355), ('SOZMAQALA', 67, 243), ('QALAKA', 66, 29), ('SHAMAL', 60, 53)]"
59,NADALI,8,"['08/02/2016', '01/08/2016', '25/08/2016', '09/06/2017', '02/07/2017', '01/04/2018', '16/08/2018', '24/11/2018']","[15, 2, 24, 2, 15, 0, 27, 2]","[15, 2, 32, 10, 15, 0, 27, 2]","[0, 0, 0, 0, 0, 0, 3, 2]","[0, 0, 8, 0, 0, 0, 3, 2]","[0, 0, 0, 0, 0, 0, 0, 1]","[0, 0, 0, 0, 0, 0, 0, 1]","[10, 0, 0, 0, 9, 0, 7, 13]","[10, 0, 0, 16, 9, 0, 7, 13]",10536943,AF-HEL,Nād ‘Alī,Nad `Ali,31.577982,63.790718,,"[('NADALI', 100, 102), ('NAWA', 68, 161), ('NADIRSHAHKOT', 60, 44), ('NAWAIBARAKZAYI', 60, 99), ('NARI', 60, 103)]"
60,NAHRESARAJ,3,"['31/08/2015', '25/05/2018', '04/03/2020']","[2, 1, 0]","[2, 1, 0]","[2, 0, 0]","[2, 0, 0]","[0, 0, 0]","[0, 0, 0]","[0, 0, 0]","[0, 0, 0]",10536944,AF-HEL,Nahr-e Sarāj,Nahr-e Saraj,31.834776,64.612387,,"[('NAHRISARRAJ', 86, 105), ('HESARAK', 71, 10), ('AZRA', 68, 12), ('NARI', 68, 103), ('DARA', 68, 109)]"
61,NAWAH,3,"['19/02/2017', '12/08/2017', '10/09/2018']","[1, 5, 30]","[1, 5, 30]","[0, 0, 0]","[0, 0, 0]","[0, 0, 0]","[0, 0, 0]","[2, 0, 0]","[2, 0, 0]",10536898,AF-GHA,Nāwah,Nawah,32.326913,67.897543,,"[('NAWA', 89, 161), ('NAWBAHAR', 77, 371), ('NAWZAD', 73, 116), ('NAWAIBARAKZAYI', 72, 99), ('TARNAKWAJALDAK', 72, 351)]"
62,NAWAHYEBARAKZAI,1,['03/10/2016'],[12],[12],[0],[0],[0],[0],[0],[0],10536945,AF-HEL,Nāwah-ye Bārakzaī,Nawah-ye Barakzai,31.332126,64.2149,NAWAIBARAKZAYI,"[('NAWA', 90, 161), ('NAWAIBARAKZAYI', 83, 99), ('AZRA', 68, 12), ('DARA', 68, 109), ('ZARI', 68, 206)]"
63,NAZIYAN,13,"['16/01/2015', '11/02/2015', '23/03/2015', '09/08/2015', '17/09/2015', '23/10/2015', '29/10/2015', '15/02/2016', '16/07/2016', '27/07/2016', '22/09/2016', '29/05/2017', '29/09/2017']","[3, 2, 9, 2, 5, 6, 3, 15, 15, 2, 5, 3, 15]","[3, 9, 13, 6, 5, 6, 4, 15, 15, 2, 5, 4, 15]","[0, 0, 0, 0, 0, 0, 0, 0, 0, 0, 0, 0, 0]","[0, 0, 0, 0, 0, 0, 0, 0, 0, 0, 0, 0, 0]","[0, 0, 0, 0, 0, 0, 0, 0, 0, 0, 0, 0, 0]","[0, 0, 0, 0, 0, 0, 0, 0, 0, 0, 0, 0, 0]","[0, 0, 0, 0, 0, 3, 0, 0, 0, 0, 0, 0, 0]","[0, 0, 0, 0, 0, 3, 0, 0, 0, 0, 0, 0, 0]",10537206,AF-NAN,Nāziyān,Naziyan,34.055907,70.825766,,"[('NAZYAN', 92, 383), ('NARI', 68, 103), ('GAYAN', 67, 111), ('NARANG', 62, 72), ('NAHRIN', 62, 81)]"
64,NERKH,1,['09/04/2017'],[6],[6],[0],[0],[0],[0],[0],[0],10537271,AF-WAR,Nêrkh,Nerkh,34.3206,68.764411,,"[('NIRKH', 80, 339), ('NESH', 67, 178), ('RUKHA', 60, 112), ('KARUKH', 55, 14), ('CHARKH', 55, 64)]"
65,NIKEH,1,['20/01/2018'],[50],[50],[0],[0],[0],[0],[0],[0],10537710,AF-PKA,Nīkêh,Nikeh,33.206518,69.240034,NIKA,"[('NIRKH', 80, 339), ('JANIKHAIL', 72, 23), ('JANIKHEL', 72, 142), ('NIKA', 67, 108), ('NESH', 67, 178)]"
66,OMNAH,1,['12/04/2018'],[7],[7],[0],[0],[0],[0],[3],[3],10537711,AF-PKA,Ōmnah,Omnah,32.8942,68.813259,,"[('OMNA', 89, 130), ('GHORMACH', 62, 288), ('KOSHKIKOHNA', 60, 4), ('GOMAL', 60, 151), ('NAHRIN', 55, 81)]"
67,PACHIRWAAGAM,3,"['29/07/2015', '12/05/2016', '22/10/2016']","[12, 1, 5]","[20, 1, 5]","[0, 0, 0]","[0, 0, 0]","[0, 0, 0]","[0, 0, 0]","[0, 1, 0]","[0, 1, 0]",10537207,AF-NAN,Pachīr wa Āgām,Pachir wa Agam,34.087763,70.280585,,"[('PACHIERAGAM', 87, 5), ('HIRAT', 72, 324), ('WAMA', 68, 214), ('DANGAM', 60, 95), ('BAGRAM', 60, 148)]"
68,PULEALAM,2,"['30/08/2017', '04/06/2018']","[13, 0]","[13, 13]","[13, 0]","[13, 0]","[10, 0]","[10, 0]","[12, 0]","[12, 0]",10537179,AF-LOG,Pul-e ‘Alam,Pul-e `Alam,33.972288,69.05348,,"[('PULIALAM', 88, 60), ('GELAN', 54, 165), ('TULAK', 54, 185), ('ALMAR', 54, 249), ('QALAT', 54, 355)]"
69,PULEKHUMRI,1,['22/02/2016'],[0],[0],[0],[0],[0],[0],[0],[0],10536771,AF-BGL,Pul-e Khumrī,Pul-e Khumri,36.010218,68.668457,,"[('PULIKHUMRI', 90, 78), ('KHULM', 72, 393), ('KHWAJAUMARI', 57, 190), ('ZHARI', 54, 157), ('TULAK', 54, 185)]"
70,QARAHBAGH,2,"['04/09/2017', '08/02/2019']","[0, 0]","[2, 12]","[0, 0]","[2, 0]","[0, 0]","[0, 0]","[0, 0]","[3, 0]",10536998,AF-KAB,Qarah Bāgh,Qarah Bagh,34.849386,69.176297,,"[('QARABAGH', 94, 205), ('QARABAGH', 94, 271), ('FARAH', 72, 41), ('AZRA', 68, 12), ('DARA', 68, 109)]"
71,RAGHISTAN,1,['10/10/2017'],[0],[8],[0],[0],[0],[0],[0],[15],10536118,AF-BDS,Rāghistān,Raghistan,37.660787,70.67346,,"[('RAGHISTAN', 100, 264), ('ARGHISTAN', 89, 136), ('REGISTAN', 82, 126), ('TANI', 77, 50), ('SHAHRISTAN', 74, 268)]"
72,SABARI,1,['10/01/2017'],[4],[4],[0],[0],[0],[0],[0],[0],10537949,AF-KHO,Şabarī,Sabari,33.543516,69.9118,,"[('SABRI', 91, 36), ('ABKAMARI', 71, 163), ('NARI', 68, 103), ('ZARI', 68, 206), ('SAROBI', 67, 127)]"
73,SANGIN,12,"['13/12/2015', '23/12/2015', '19/07/2016', '31/01/2017', '10/02/2017', '11/02/2017', '14/11/2017', '24/05/2018', '01/02/2019', '06/02/2019', '08/02/2019', '28/02/2019']","[0, 0, 0, 0, 0, 0, 6, 2, 0, 0, 5, 0]","[0, 0, 0, 0, 68, 0, 6, 2, 5, 3, 21, 30]","[0, 0, 0, 0, 0, 0, 0, 0, 0, 0, 5, 0]","[0, 0, 0, 0, 26, 0, 6, 0, 0, 0, 21, 0]","[0, 0, 0, 0, 0, 0, 0, 0, 0, 0, 5, 0]","[0, 0, 0, 0, 19, 0, 0, 0, 0, 0, 5, 0]","[0, 0, 0, 0, 0, 0, 0, 0, 0, 0, 0, 0]","[0, 0, 0, 0, 6, 0, 0, 0, 0, 0, 6, 0]",10536948,AF-HEL,Sangīn,Sangin,32.123611,64.996532,,"[('SANGIN', 100, 110), ('SANGITAKHT', 75, 267), ('BANGI', 73, 342), ('TANI', 68, 50), ('KANG', 68, 73)]"
74,SARKANI,1,['11/03/2015'],[0],[0],[0],[0],[0],[0],[0],[0],10537898,AF-KNR,Sar Kāṉī,Sar Kani,34.750613,71.118641,,"[('SARKANI', 100, 79), ('SHARAN', 77, 122), ('AZRA', 68, 12), ('TANI', 68, 50), ('KANG', 68, 73)]"
75,SARROWZAH,1,['08/06/2016'],[2],[2],[0],[0],[0],[0],[0],[0],10537713,AF-PKA,Sar Rowẕah,Sar Rowzah,33.062959,69.039248,,"[('SARHAWZA', 71, 117), ('ARGO', 68, 269), ('SAROBI', 60, 127), ('FARAH', 57, 41), ('FARZA', 57, 276)]"
76,SAYYIDABAD,4,"['29/05/2016', '09/02/2019', '23/02/2019', '25/02/2019']","[2, 0, 0, 0]","[2, 11, 1, 1]","[0, 0, 0, 0]","[0, 0, 0, 0]","[0, 0, 0, 0]","[0, 0, 0, 0]","[0, 0, 0, 0]","[0, 0, 0, 0]",10537272,AF-WAR,Sayyidābād,Sayyidabad,33.924849,68.657306,,"[('SAYDABAD', 89, 344), ('ASADABAD', 78, 77), ('SAYYAD', 75, 217), ('ALIABAD', 71, 352), ('DARA', 68, 109)]"
77,SAYYIDKARAM,4,"['11/10/2017', '05/11/2017', '05/11/2017', '27/05/2018']","[11, 4, 4, 6]","[11, 4, 4, 6]","[0, 0, 0, 0]","[0, 0, 0, 0]","[0, 0, 0, 0]","[0, 0, 0, 0]","[2, 7, 0, 5]","[2, 7, 0, 5]",10537914,AF-PIA,Sayyid Karam,Sayyid Karam,33.712446,69.479727,,"[('SAYEDKARAM', 86, 20), ('SAYYAD', 75, 217), ('DARAYIM', 69, 301), ('AZRA', 68, 12), ('NIKA', 68, 108)]"
78,SHAHJOY,1,['17/05/2016'],[5],[5],[0],[0],[0],[0],[0],[0],10537700,AF-ZAB,Shāh Jōy,Shah Joy,32.497695,67.394943,,"[('SHAHJOY', 100, 367), ('NADIRSHAHKOT', 64, 44), ('BAHRAMISHAHIDJAGHATU', 64, 202), ('ZARGHUNSHAHR', 60, 137), ('MAYDANSHAHR', 60, 300)]"
79,SHAHWALIKOT,3,"['29/05/2016', '24/08/2017', '02/02/2019']","[17, 42, 0]","[22, 42, 12]","[0, 0, 0]","[0, 0, 0]","[0, 0, 0]","[0, 0, 0]","[0, 17, 0]","[0, 17, 0]",10537096,AF-KAN,Shāh Walī Kōṯ,Shah Wali Kot,32.07954,66.005729,,"[('SHAHWALIKOT', 100, 146), ('KOT', 90, 388), ('SHAWAK', 75, 28), ('NAWA', 68, 161), ('CHAL', 68, 340)]"
80,SHERZAD,4,"['26/08/2015', '28/10/2016', '01/07/2017', '23/04/2018']","[4, 2, 4, 2]","[4, 4, 4, 2]","[0, 2, 0, 0]","[0, 4, 0, 0]","[0, 0, 0, 0]","[0, 0, 0, 0]","[0, 0, 0, 0]","[0, 30, 0, 0]",10537209,AF-NAN,Shērzād,Sherzad,34.194185,69.980133,,"[('SHIRZAD', 86, 8), ('SHARAN', 62, 122), ('WASHER', 62, 307), ('HESARAK', 57, 10), ('SHAHADA', 57, 283)]"
81,SHIGALWASHELTAN,3,"['03/06/2015', '31/10/2015', '14/12/2018']","[3, 2, 8]","[6, 2, 13]","[0, 0, 8]","[0, 0, 13]","[0, 0, 0]","[0, 0, 12]","[0, 0, 17]","[0, 0, 18]",10537899,AF-KNR,Shīgal wa Shêltan,Shigal wa Sheltan,35.036301,71.225047,SHAYGALWASHITAL,"[('TANI', 77, 50), ('WASHER', 75, 307), ('SHAYGALWASHITAL', 73, 86), ('GELAN', 72, 165), ('NAWA', 68, 161)]"
82,SHORABAK,1,['11/10/2015'],[100],[200],[0],[0],[0],[0],[50],[50],10537237,AF-KAN,Shōrābak,Shorabak,30.168419,66.040621,,"[('SHORABAK', 100, 129), ('BAK', 90, 34), ('AYBAK', 80, 213), ('CHORA', 72, 321), ('SHAWAK', 71, 28)]"
83,SPERAH,3,"['01/01/2015', '03/01/2015', '02/09/2016']","[0, 7, 7]","[0, 7, 7]","[0, 0, 0]","[0, 0, 0]","[0, 0, 0]","[0, 0, 0]","[0, 0, 0]","[0, 0, 0]",10537951,AF-KHO,Spērah,Sperah,33.15664,69.491204,,"[('SPIRA', 73, 55), ('FARAH', 55, 41), ('SAYEDKARAM', 50, 20), ('DARAIPECH', 50, 89), ('PARYAN', 50, 98)]"
84,TAGAB,2,"['22/07/2018', '22/09/2018']","[2, 0]","[2, 0]","[0, 0]","[0, 9]","[0, 0]","[0, 4]","[0, 0]","[0, 12]",10537007,AF-KAP,Tagāb,Tagab,34.794559,69.679304,,"[('TAGAB', 100, 124), ('SHIRINTAGAB', 90, 236), ('TAGABKISHMIBALA', 90, 312), ('MOHAMMADAGHA', 60, 57), ('GIZAB', 60, 260)]"
85,TARINKOT,7,"['09/09/2016', '18/09/2016', '31/05/2017', '09/12/2017', '03/02/2019', '09/02/2019', '13/03/2019']","[0, 7, 25, 8, 0, 0, 5]","[0, 8, 25, 8, 1, 7, 5]","[0, 0, 0, 0, 0, 0, 0]","[0, 0, 0, 0, 0, 0, 0]","[0, 0, 0, 0, 0, 0, 0]","[0, 0, 0, 0, 0, 0, 0]","[0, 0, 20, 3, 0, 0, 10]","[0, 0, 20, 3, 0, 0, 10]",10537967,AF-URU,Tarīn Kōṯ,Tarin Kot,32.682171,65.916961,TIRINKOT,"[('KOT', 90, 388), ('TIRINKOT', 88, 193), ('TANI', 68, 50), ('NARI', 68, 103), ('ZARI', 68, 206)]"
86,WARDUJ,1,['12/04/2018'],[0],[0],[0],[0],[0],[0],[0],[0],10536130,AF-BDS,Wardūj,Warduj,36.757076,71.182357,,"[('WARDUJ\n', 100, 289), ('WARSAJ', 67, 337), ('CHAHARBURJAK', 60, 80), ('KHWAJADUKOH', 60, 200), ('LALWASARJANGAL', 60, 270)]"
87,WASHER,1,['10/02/2019'],[0],[7],[0],[0],[0],[0],[0],[0],10536949,AF-HEL,Wāshēr,Washer,32.103175,63.946629,,"[('WASHER', 100, 307), ('GARMSER', 62, 96), ('PACHIERAGAM', 60, 5), ('FARANGWAGHARU', 60, 59), ('SHAYGALWASHITAL', 60, 86)]"
88,ZURMAT,6,"['26/03/2015', '19/11/2016', '08/07/2017', '08/07/2017', '12/07/2018', '31/12/2018']","[0, 1, 7, 7, 0, 7]","[0, 1, 7, 16, 37, 8]","[0, 0, 0, 0, 0, 5]","[0, 0, 0, 1, 11, 6]","[0, 0, 0, 0, 0, 0]","[0, 0, 0, 0, 3, 0]","[1, 2, 0, 0, 0, 0]","[1, 2, 0, 0, 0, 0]",10537937,AF-PIA,Zurmat,Zurmat,33.424018,69.041759,,"[('ZURMAT', 100, 26), ('JURM', 68, 299), ('AZRA', 60, 12), ('HAZRATISULTAN', 60, 210), ('KHURAMWASARBAGH', 60, 219)]"
